screen_name,url,verified,location,description,followers_count,friends_count,created_at,favourites_count,statuses_count
denise8934,https://t.co/waIHozhZAV,False,"Coral Springs, FL",Meep? jus ask me anything..,57,119,2009-03-26 21:25:27,54,236
carter6007tm,,False,,,0,78,2018-03-22 17:16:22,0,0
Tynoe585,https://t.co/nAUDTADQJ6,False,"Midlands, Zimbabwe",S.A.V.A.G.E,51,118,2016-04-30 11:23:24,45,15
zachrabbit16,,False,,I love my Jens,183,165,2013-03-22 00:39:58,725,592
FargloO,,False,,,0,71,2018-03-22 17:15:47,0,0
RobertAgbahia1,,False,,,0,37,2018-03-22 17:11:52,0,0
ChristakisLoiz1,,False,,,0,3,2018-03-22 16:49:51,0,0
petergeorgy1986,,False,,,0,63,2018-03-22 17:13:12,0,0
AmeyaKu24002634,,False,,,0,79,2018-03-22 17:15:05,0,0
Viral_Parekh09,,False,"Mumbai, India",Exploring,10,106,2017-09-07 16:15:18,44,10
coolj2604,,False,,,0,123,2018-03-22 17:13:11,0,0
Slippy1998,,False,,,25,245,2018-03-17 08:07:19,6,0
Wendy_AAV,,False,,Ingeniero,11,45,2013-01-17 17:20:23,7,14
BaliramTambile,,False,,,0,129,2018-03-22 17:13:55,0,0
Tim15201521,,False,,,0,22,2017-05-14 14:32:48,5,1
heather61071549,,False,,,0,1,2018-03-22 17:15:41,0,0
Domingo36708714,,False,,,0,39,2018-03-22 17:14:44,0,0
qdfceqpjjty,,False,,,0,69,2018-03-22 17:15:07,0,0
ashley84697275,,False,,,1,26,2018-01-07 21:33:59,0,0
J1lasT5MvL4hcgw,,False,,,0,41,2018-03-22 17:15:53,0,0
KurguzovaA,,False,,Ukraine/ UK,151,315,2012-07-25 15:29:02,9809,8694
tbo1lNbZDZaftTr,,False,,,0,50,2018-03-22 17:16:16,0,0
selenavillas,,False,,sc|| villa_selena ||,69,108,2017-03-29 03:03:16,253,111
Andrulox,,False,,,9,14,2015-03-05 05:41:33,0,1
lawrenced378,,False,New Westminster ,,25,52,2014-08-12 04:13:40,1,0
FacundoIrigoy,,False,,,0,99,2018-03-22 17:15:21,0,0
bird36712995,,False,,,0,15,2018-03-22 17:15:06,0,0
lapaglia8465nz,,False,,,0,35,2018-03-22 17:15:55,0,0
AustinSartorius,,False,,,433,399,2011-08-02 03:47:43,1704,7293
sandeep_s_007,,False,"Ghaziabad, India",,0,22,2010-11-16 11:17:06,0,0
CheickO38227375,,False,,,0,106,2018-03-22 17:11:10,0,0
WalleniusTom,,False,,,0,4,2014-08-13 01:58:26,0,1
xiX6nH4ejggjGIo,,False,,,0,122,2018-03-22 17:08:06,0,0
Victori95771076,,False,,,0,29,2018-03-22 17:16:49,0,0
yenish666,,False,,,2,40,2018-03-22 08:17:38,0,0
Giedriu66006679,,False,,,0,23,2018-03-22 17:10:57,0,0
vishwatrivedi02,,False,,Best friends,0,17,2016-10-19 20:57:35,0,1
John7952,,False,Addis Ababa,,33,154,2011-12-17 11:00:45,26,29
AngelaWashell,,False,,,1,10,2012-09-09 04:33:12,0,0
copiapina2027,,False,,,7,124,2017-11-26 11:55:35,2,3
KDotmulla,,False,,,0,113,2018-03-22 17:14:18,0,0
Jaafar109,,False,,,0,66,2018-03-15 14:43:22,0,0
Schwabbelsabber,,False,,,3,41,2013-12-16 19:31:41,6,2
jaunitaclasen11,,False,,,0,72,2018-03-22 17:14:24,0,0
Lucazcdn,,False,brasil,,97,229,2011-03-10 23:18:02,4495,232
jabessa_jirata,,False,,,0,7,2018-03-06 16:56:48,0,0
AhmedKaeid,,False,,,0,60,2018-03-22 17:14:17,0,0
Deepak_Guntuku,,False,"Jodhpur, India",IIT Jodhpur,5,12,2015-07-30 09:41:41,0,0
Skurpe,,False,Sweden,,22,88,2011-04-05 16:05:43,23,0
3XzWUykDMs5MFZC,,False,,,1,50,2018-03-22 17:16:16,0,0
jozzlynnn,,False,United States,,3,4,2018-03-22 17:01:08,0,0
CoralRidgeYC,http://t.co/xOKXGjcjYG,False,"Fort Lauderdale, FL","Established 70 years ago in 1947, Coral Ridge Yacht Club is where tradition & old world elegance merge with fun, family and friendships. #LifeIsBetterOnTheWater",255,398,2013-05-29 19:14:06,140,1554
Crypto_Prophecy,,False,,Foresee the future #Crypto #CrystalBall #Easy #Charts #Prices #Gains,35,121,2017-09-16 00:53:15,29,49
teddikurawa,,False,,,0,36,2018-03-22 17:14:00,0,0
SaketNarayan5,,False,,,0,118,2018-03-22 17:16:48,0,0
ArmchairLiberal,,False,,,0,12,2012-03-13 14:58:51,1,38
UwozcAqrOQrlShG,,False,,,0,171,2018-03-22 16:22:24,0,0
Lane74973521,,False,,,6,57,2018-03-21 02:25:40,18,4
intgtsupfdup121,,False,,,0,37,2018-03-22 17:14:32,0,0
JeffersonDiep,,False,,,0,19,2011-06-21 06:25:46,0,0
9020Hamidreza,,False,,,0,138,2018-03-22 17:04:20,0,0
tpa4b5IyOOlcrZd,,False,,,0,28,2018-03-22 17:08:19,0,0
Chrisilunganda2,,False,,,2,223,2018-03-22 16:51:40,1,2
sqhqaoxv5957dr,,False,,,0,84,2018-03-22 17:15:15,0,0
martin41anders1,,False,,,0,39,2016-04-29 15:19:26,0,1
DonmezAta,,False,,,22,115,2012-04-26 15:10:25,12,2
DeEstelito,,False,,,0,106,2018-03-22 17:15:41,0,0
MonicaLi95,,False,,,8,58,2012-08-02 03:32:00,0,12
Sizwe_Ntengo,,False,"Port Shepstone, South Africa",International Entertainment,4,68,2018-03-21 15:08:54,32,2
grummoyheid,,False,United Kingdom,,1,109,2017-01-06 21:56:33,2,10
sam_ray69,,False,,,97,249,2012-09-11 17:16:25,14,278
marta_cortada,,False,,,3,101,2017-06-27 09:33:15,0,0
hasan1786,,False,,,63,473,2010-12-04 08:00:05,25,155
p6PkERjR61Ex55W,,False,,,37,210,2017-12-10 20:00:39,0,0
Anto06930892,,False,,,0,62,2018-03-22 17:14:34,0,0
LeeLindsay74,,False,"Houston, TX","Tennis, LSU Football, Grace's Daddy, Lauren's Husband, Oil & Gas @ Endress + Hauser",8,6,2012-09-10 18:46:17,4,3
ParthSa59814581,,False,,,0,130,2018-03-22 17:14:56,0,0
joleenm47738196,,False,,,0,50,2018-03-22 17:16:06,0,0
kaynicole22,,False,,I'm to adorkable to put into words,34,104,2011-11-15 17:34:54,79,278
michael_exline,,False,,,0,50,2018-03-22 17:15:14,0,0
toddstuck72,,False,"Fairmont, WV",I am the Chief!   All hail the CHIEF.,5,8,2012-08-07 11:30:25,322,26
johnbaggaley01,,False,"Stoke-on-Trent, England",,17,102,2017-06-24 11:27:42,0,1
Ric_Noronha,http://t.co/r3m20vLULF,False,"Amsterdam, The Netherlands","Sociologist. Communication Sciences. Digital Marketing.  Sports and Political Journalism lover. 
Wanderlust Daddy of Matilde.",375,509,2009-11-05 20:41:37,54,1361
JohnshoyTanner,,False,,.,290,492,2012-05-20 05:24:18,354,501
Maya98244732,,False,,,0,1,2018-03-22 17:16:00,0,0
Ekaris,,False,Venezuela,,130,315,2009-10-07 02:05:56,190,1174
bosniabahgaul,,False,,,1,77,2018-02-19 16:20:46,5,0
ChuloNegrito,,False,,,0,80,2018-03-22 17:10:56,0,0
GondolaApodaca,,False,,,0,90,2018-03-22 17:15:41,0,0
observpolitic,,False,,,0,3,2018-03-22 17:12:54,0,0
manglinlei,,False,,,1,95,2018-03-22 17:15:28,0,0
627CHERRY,http://t.co/aARAgwW5Vq,False,singapore,,24,62,2012-01-04 15:04:56,2,964
SCORPION_ECM,,False,"London, Ontario",,1,79,2017-09-01 19:09:41,6,13
vineetkr_k,,False,"New Delhi, India","Learning Stock Market, Marketing Manager with MNC.",114,192,2017-09-21 07:55:50,280,323
Sumanamus,,False,,,3,53,2009-07-07 13:50:31,1,0
belini,,False,"-23.618912,-46.552118",,337,748,2009-03-06 21:22:32,209,24968
Evenoel19,,False,,,1,85,2018-03-22 17:15:27,0,0
RobayetUllah,,False,,Do or Die,1,24,2016-11-22 10:00:09,0,0
AbSerrano2,,False,"Boston, MA",,2,19,2017-05-30 04:25:42,0,0
MadhavanBalaji,,False,Anna Nagar West Extension,,71,645,2012-08-20 09:33:22,4055,17
ShineThuRain1,,False,,,0,119,2018-03-22 17:14:51,0,0
Silasmatson,,False,,ECU '20,67,112,2012-04-08 20:36:24,12,116
Fabiana37331292,,False,,,0,82,2018-03-22 17:11:58,0,0
KaushalDuttSha3,,False,,,1,24,2018-03-19 00:12:58,1,0
shokialnagri121,,False,,,0,72,2018-03-22 17:07:17,0,0
warrena73117522,,False,,,0,27,2018-03-22 17:12:52,0,0
Michael86846135,,False,,,0,90,2018-03-22 17:14:39,0,0
patrickjohnbush,,False,,,3,26,2012-03-26 15:33:44,5,3
Darren22916599,,False,,,1,95,2018-03-22 16:44:11,3,0
Michaeleraines,,False,"Oliver Springs, TN",,9,195,2015-01-26 01:01:39,98,168
ggehwerdna,,False,,,1,22,2015-05-10 02:24:32,6,1
makatipeter,,False,,,0,80,2018-01-11 04:34:37,0,2
Kwalden97,,False,,"Dont worry, be happy",470,249,2011-10-08 00:43:36,1039,19284
Shidu57552682,,False,,,0,26,2018-03-22 17:07:29,3,0
Marky0007Jackso,,False,"Maryland, USA",Civil Engineer,15,219,2014-06-09 16:43:41,29,15
FGvkGkok5t52hnI,,False,,,5,142,2017-01-20 05:04:19,0,0
BrandonMahlste1,,False,,,58,141,2014-03-28 07:26:23,26,11
ElliNataly,,False,,Drivers Ed. period 7,0,41,2018-03-22 17:15:27,0,0
KevinOmarNieve3,,False,,,1,41,2018-03-22 17:13:55,0,0
grey_goose87,,False,"Stuttgart, Germany",,52,13,2009-03-11 19:46:38,3,1
madisonw3199,,False,cape cod,cape cod - wvu '21 - delta gamma,412,514,2014-03-17 20:26:09,8999,618
izzysalsbury,,False,"Stafford, England",,204,307,2015-09-30 15:00:14,3714,354
JNaylorz,,False,,"18, One does not see simply by opening the eyes",285,514,2012-07-09 20:26:46,4738,2363
HammadJani5,,False,"Punjab, Pakistan",Sports Sports Sports Commentary News Business & Finance Journalists & Pundits Weather Politics Entertainment TV Shows,2,157,2017-03-10 20:22:03,40,8
simpson9154iu,,False,,,0,47,2018-03-22 17:12:48,0,0
ktoomiiah1711,,False,,,0,39,2018-03-22 17:15:05,0,0
PetCar4C,,False,,,0,93,2018-03-22 17:14:05,0,0
Sheetal28770003,,False,,,0,29,2018-03-22 17:12:09,1,0
Joelle_Jodoin,,False,,,573,424,2013-01-04 18:08:54,2080,3985
Vunka8,,False,,,1,50,2018-03-15 11:04:33,13,0
tnwinegirl,,False,"Atlanta, GA",,0,15,2010-09-29 02:28:36,0,0
NnondoH,,False,,,0,15,2018-03-22 17:04:38,0,0
vZwSLSlKuT7Y8lI,,False,,,0,2,2018-03-22 17:11:12,0,0
3zEz28520563,,False,,,0,39,2018-03-22 17:07:23,1,1
Waheed151Ahmed,,False,,,3,105,2017-04-21 12:25:58,23,0
kc3148,,False,,,2,17,2010-05-27 09:52:07,38,2
Givenphiri,,False,"Lusaka, Zambia",social entrepreneur//philanthropist//child activist,35,404,2011-08-02 19:41:07,0,7
asmahaddad3,,False,Tunisie,formatrice d'anglais,4,67,2014-01-25 21:46:19,0,1
AndyGil86471172,,False,,,0,91,2018-03-22 17:04:04,0,0
BeckmanClaire,,False,,CO | OKC sc: claire_b2017,216,213,2013-09-26 00:56:58,1479,187
Mzodumombucela1,,False,South Africa,"Yes,that's me guyz",5,203,2018-03-20 06:48:07,0,0
glittergurl247,,False,,,0,31,2018-01-16 03:19:03,0,0
QvdFEfPKZNWN3Ap,,False,"New Jersey, USA",ai,0,18,2018-03-12 01:08:02,171,15
Chriskimaro1,,False,,,0,6,2018-03-22 17:13:46,0,0
bharatr40491688,,False,,,0,48,2018-03-22 17:14:48,0,0
lili__diazz,,False,"Waynesboro, VA",,95,156,2016-08-17 01:17:44,68,26
Gasper753,,False,,"Gamer that will be usually posting shitty content. if you're famous please retweet my stuff so i can get famous too.

stuck between portuguese and english",25,85,2014-02-05 20:45:42,77,97
LsZG8MnY4ServIE,,False,,,0,1,2018-03-22 16:47:46,0,0
Sandro10304930,,False,,,0,136,2018-03-22 17:13:56,0,0
RachidBenMbarak,,False,casablanca,,1,10,2011-08-12 10:01:25,0,0
PietroPortes,,False,,,6,319,2015-09-03 19:21:43,120,30
Nick76681245,,False,,Hello,5,95,2018-01-05 03:20:06,0,4
mcauliffe13,,False,,Long Island/Newark,156,170,2011-08-23 02:42:14,1512,1193
Niceu_Paprika,,False,,,0,28,2018-03-22 17:05:06,0,1
paul_seth,,False,"Maua, Kenya",,10,105,2018-03-09 14:42:21,58,1
lDETQRJ12jVNWyk,,False,,,0,118,2018-03-22 17:11:04,0,1
paulajbeatty,,False,,,8,19,2013-11-15 02:13:25,1,0
Tenso2018,,False,,,0,1,2018-03-22 17:09:36,0,0
johnnybkkn,,False,,,16,600,2015-02-15 15:13:29,4,33
_crodkey_,,False,,,169,378,2014-04-06 16:53:21,1138,1343
AlanBienlein1,,False,,,1,38,2018-03-22 17:11:22,0,0
Momi_H21,https://t.co/MfNYh9JKPs,False,,,0,13,2017-02-08 22:21:00,1,0
YeoKy2337664,,False,,,0,116,2018-02-19 23:18:57,0,1
Muhamma13600392,,False,,,5,71,2018-01-06 05:49:49,0,1
JoelKarlik,,False,,,0,19,2018-03-22 17:07:25,0,0
rong12180710,,False,,,0,54,2017-08-18 12:06:55,0,0
ce_al_go,,False,,,0,7,2012-12-06 17:24:49,0,3
Fussel347,,False,,,1,6,2011-12-18 23:52:32,0,0
MangadoddiP,,False,A.P,Mangadoddi Chethan,1,168,2017-12-09 06:24:59,67,8
Mohamed16885378,,False,,,1,98,2018-01-13 20:42:53,0,1
GxmTRk795Xlkw73,,False,,,0,14,2018-03-22 17:13:26,0,0
michaelrosson5,,False,,,0,66,2018-03-22 17:14:12,0,0
EnyelbertDavid,,False,,,0,21,2018-03-22 16:41:45,1,0
coreysmith136,,False,,,134,247,2013-06-29 22:08:22,164,725
RajaJamshedUll2,,False,,,0,100,2018-03-22 17:08:11,0,0
dabs234,,False,,,0,20,2018-03-22 17:14:34,0,0
johnsonblazing,https://t.co/DIgjSb3VvA,False,Earth,Creating Ingenious Art with Fabrics,1076,586,2011-06-18 13:53:54,13905,960
BUBBAHODGE,,False,"Salem, KY ","I cast no stones, I build no walls, I tell the truth, truth comes to call. I try to walk that narrow way. Sometimes I go over the lines........ - Cody Jinks",301,823,2010-05-20 16:18:10,792,1948
Savanna83952498,,False,"Ohio, USA",Photography DIY & Home Trending Hip-Hop/Rap,0,66,2018-03-22 17:14:15,0,0
Shawn_Gibbs55,,False,"Kansas, USA",I Iove being a country boy,28,220,2018-02-10 18:47:09,86,65
samykhan72,,False,Pakistan,male 35,2,131,2013-03-15 09:35:26,502,182
Gchandamare,,False,,,0,29,2018-03-22 16:58:27,0,0
douglas65231207,,False,los teuqes estado miranda,abel santa maria cuadrado universidad de las villas claras republica de cuba villa clara cuba luchador social frente francisco de miranda,16,260,2012-12-29 20:22:09,0,38
Tiara54172880,,False,,,1,96,2018-03-22 16:53:49,1,0
OctavioRj051,,False,,,0,87,2018-03-22 17:13:34,0,0
goddy_dede,,False,,,0,7,2018-03-22 17:06:52,0,0
BenjaminVan7,,False,,,0,63,2018-03-22 17:12:20,0,0
SmileAl86079291,,False,,,1,70,2017-05-07 01:26:04,7,7
DarwishRebecca,,False,,,1,33,2018-03-22 17:11:53,0,0
Yuval_Navon2710,,False,,,1,37,2018-01-09 13:13:59,34,8
MNDFKD666,https://t.co/d6ALaNJOY5,False,Los Angeles. CA.,"Music Producer, Gamer, and Skateboarder from LA",19,25,2015-01-22 08:48:28,3,126
AbdElha46154402,,False,,,0,59,2018-03-22 17:13:42,5,0
Esara020Moh,,False,,,0,51,2018-03-22 17:13:48,0,1
gK6tDk9C6gXgxUm,,False,,,0,70,2018-03-22 17:13:33,0,0
Ricardo30301732,,False,,,0,26,2018-03-07 17:25:12,0,0
JayBhagdev,,False,,,0,26,2018-03-11 20:14:37,25,0
ssenyongacrais,,False,,,1,59,2018-03-22 17:11:45,0,0
AshleyM61607163,,False,,,0,40,2018-03-22 17:13:19,0,0
Kamlesh75235080,,False,,,1,4,2017-12-21 02:20:45,0,0
keivin_santiago,,False,,Se que estas viendo mi perfil,1,23,2018-03-07 03:47:15,64,12
gdia_drick,,False,"Kampala, Uganda",You just got sharked,2,114,2017-09-10 13:03:17,13,2
NdonDhavee,,False,,,0,19,2018-03-22 16:50:18,0,0
7N3SMH7hFwYWKdf,,False,,,1,65,2018-03-20 21:48:18,1,1
ZaeoneH,,False,,,0,16,2018-03-22 16:58:47,10,4
806_tanveerjutt,,False,,,1,95,2018-03-22 17:13:33,0,0
bgraca521,,False,,,3,113,2017-07-10 02:43:25,10,8
dom_coles,,False,,,1,13,2013-06-26 19:28:05,3,0
SepdiSubandi,,False,,,5,236,2018-02-24 11:24:28,3,0
leif_ahlin,,False,,,0,6,2013-09-16 08:10:27,1,1
N9lHrT2bwiV8jOQ,,False,,,0,112,2018-03-22 17:11:23,0,0
FrejaThybo,,False,,,0,7,2018-03-22 17:11:19,0,0
ApterMotl,,False,,,0,1,2018-03-22 17:13:19,0,0
ownthefuture89,,False,,,37,428,2018-01-03 08:09:58,728,24
georgianadumi13,,False,,,0,44,2018-03-18 11:01:10,0,0
DaddysWhiskers,,False,The Sun,,15,146,2017-12-27 14:33:28,256,58
shakayla_thomas,,False,United States,,1,36,2015-01-28 16:05:55,32,28
dlmacone,,False,CT,,4,62,2012-08-01 00:04:17,36,1
slinslair,http://t.co/BgIpbjlp9s,False,,Mom of two. Married. Lover of food and drink. Restorer of Twin Oaks,77,331,2012-04-08 04:28:12,101,463
AriesUbun,,False,,,0,29,2018-03-22 17:11:05,1,0
Amaduba08240510,,False,,,0,5,2018-03-22 17:10:05,0,0
beam_nopporn,,False,,,0,58,2018-03-22 17:13:02,0,0
WanGuanglu,,False,,,3,80,2015-10-03 22:11:00,0,3
nycewilliam1951,,False,,,0,16,2018-03-22 17:05:58,0,0
Caleb55704909,,False,,,0,20,2018-03-22 17:11:36,0,0
oneoneohohone,https://t.co/ZjaONTnMmo,False,"Minnesota, USA","inappropriate mom, silly wife, liberal agenda, sunny outlook",117,68,2010-04-30 00:53:04,181,489
Marvelo39865114,,False,,,1,123,2018-03-22 16:59:43,0,0
MalufWilson,,False,,,0,5,2018-03-22 17:11:42,0,0
AsmatAl36380040,,False,,,1,107,2018-03-22 17:12:12,0,0
coonyan65,,False,,,0,57,2018-03-22 17:08:19,0,0
rokpdopyi1784,,False,,,0,98,2018-03-22 17:09:32,0,0
arung42974225,,False,,,0,81,2018-02-18 04:51:22,11,1
FCariolot,,False,,,0,21,2018-03-22 17:12:40,0,0
fouretjeanmarc1,,False,France,,0,31,2018-03-22 16:43:59,1,1
DuniaMoukdad,,False,,,21,48,2014-04-30 23:15:08,224,134
lbfmvzzextgb131,,False,,,0,31,2018-03-22 17:11:20,0,0
bin11114,,False,,,0,2,2018-03-20 10:29:22,0,0
Alex02874655,,False,,,0,1,2018-03-22 17:09:12,0,0
Ismail19989,,False,,,0,63,2018-03-22 17:12:26,0,0
JimHorne19,,False,,,0,3,2018-03-22 17:06:22,0,0
6kidsnodog,https://t.co/AWz2ob8WI7,False,"Utah, USA",,1,16,2017-06-22 14:30:28,38,254
AbduKanwa,,False,,,1,12,2018-03-22 17:12:19,0,0
Yeahwha06921150,,False,,,0,5,2017-03-02 05:09:18,0,2
Dscharpp,,False,"Solana Beach, CA",,19,322,2017-10-01 19:18:15,4,8
gabyholweck,,False,,sometimes sassy | Biology @ uOttawa|,270,233,2009-07-14 13:15:01,4913,15906
mitch_denooy,,False,,,0,5,2018-03-22 17:11:40,1,0
NobeTaha,,False,,,0,38,2018-03-22 17:09:44,0,0
Bcolpack97,,False,,"Find me drowning myself in beer somewhere near you 
Westfield '19 - hopefully",191,490,2011-01-28 05:28:22,3145,4674
MARILYNSORENSE1,,False,,,0,5,2012-03-16 18:01:15,0,0
Athenas_daddy,,False,,,220,211,2009-08-04 04:13:04,4901,6599
DivaVito,,False,,,0,19,2018-03-22 17:04:52,0,0
yuri_fedz,,False,,,0,21,2018-03-22 17:10:48,0,0
KeeleAmanda,,False,"Illinois, USA",Mom & wife with a desire to see the world,2,30,2018-03-22 15:49:13,0,0
10574489David,,False,,,0,61,2017-01-20 01:45:59,0,0
denni_valdez,,False,,,1,3,2017-09-18 23:28:37,1,1
AdnanMi52736070,,False,,,0,117,2018-03-11 07:52:57,2,0
Reyes74_Rueda,,False,,,0,105,2014-12-25 20:49:49,2,1
JuanMaggie4,,False,,,0,81,2018-03-22 17:10:54,0,0
teresa13312346,,False,,,1,80,2017-12-27 04:46:54,69,10
DrikusNoordhoek,,False,,,9,21,2011-11-01 21:00:15,3,4
olimpia91769362,,False,,,0,36,2018-03-14 20:37:04,0,0
chris_belleton,,False,,,41,89,2016-03-23 15:17:15,82,5
GoglikaGSXR,,False,,,1,57,2018-03-22 17:10:28,0,0
1I3k4esTuS9jzj1,,False,,,0,50,2018-03-22 17:10:43,1,0
qzvjveqfq,,False,,,0,14,2018-03-22 17:09:43,0,0
msh06el,,False,,,0,30,2018-03-22 17:11:43,0,0
adelsha21649200,,False,,,0,61,2018-03-22 17:09:44,0,0
Jonatha30667969,,False,,,0,2,2018-02-26 20:05:46,0,0
nathake,https://t.co/qhOC5MByQj,False,France,"Mystic-gypsy, Charmeuse de serpents, Holistic healer for humans & animals",274,302,2009-10-10 11:46:01,12,1672
lola52622510,,False,United States,Soccer Country,0,27,2018-03-22 17:12:53,0,0
tyopeodu,https://t.co/BW2Gg2fxgQ,False,Beside you ,"I LOVE to scream et shout, I value Godliness,  creativity & ingenuity. #Christmyfirstlove #InboundMarketer #SerialEntrepreneur #AmbitiousWoman IG:@ty_opeodu",867,848,2012-03-06 06:32:41,456,14542
BairagiDeepak1,,False,,,0,118,2018-01-04 13:06:14,60,3
Kamilladashing,,False,,,0,12,2018-03-22 17:10:26,0,0
AdolfoVicente18,,False,,,0,21,2017-05-23 17:32:52,8,4
LightsWall,,False,,,11,135,2018-03-15 20:44:55,2,39
deepakorai786,,False,"Greater Noida, India",rise above negativity of others stay positive,6,108,2011-11-04 17:20:09,63,8
mario770430,,False,,,0,7,2018-03-22 17:05:25,0,0
Will_Maxfield,http://t.co/WM2wnIwYab,False,Stoke-on-Trent,what took you so long? was there a queue at the post office?,327,824,2009-07-27 12:09:24,270,1671
rahmat33628699,,False,"Bandung, Jawa Barat",Bismillah,1,89,2018-03-22 17:10:54,10,1
Bonaimkm,http://t.co/8MazgvccZH,False,nairobi,me n u,34,104,2011-12-25 12:58:27,13,26
kenny_79,,False,,,39,110,2011-03-28 18:49:27,265,557
81Yelissa,,False,"Massachusetts, USA",,5,10,2016-05-25 14:24:49,2,0
RamachandraKam7,,False,,,0,43,2018-03-22 17:10:26,0,0
HayalEren3,,False,,,45,149,2017-10-20 23:57:54,89,3
Khuyaga90766064,,False,,,0,55,2018-03-22 17:10:38,0,0
upMjxJgUaWwUi4f,,False,,,0,1,2018-03-22 17:10:59,0,0
mahad_taree,,False,,,0,53,2018-03-22 16:52:28,0,0
Kutesa5,,False,,,2,46,2018-03-22 13:24:30,1,0
AJapar4,,False,,,0,29,2018-03-22 17:03:39,0,0
Derr20478027,,False,,,2,112,2018-03-22 17:12:00,1,0
mccannhannahgm1,,False,"Drighlington, England","Just a small town girl, living in a lonely world",6,34,2018-02-07 20:46:23,0,4
jitendershah534,,False,,,102,318,2017-06-30 07:51:39,20,13
brandybey,,False,,I love GTA. Deal with it. Shit this. I don't care what you think. Sucker.,0,10,2012-02-11 11:21:34,0,1
chriszballer,,False,,,184,160,2010-03-05 11:13:10,203,790
paulevin4,,False,,,1,134,2018-02-04 05:05:32,0,0
calientefolife,,False,,,0,23,2018-03-22 17:11:28,0,0
DoItLikeYanci,,False,615.,"innocent, until proven guilty.",1198,649,2012-06-09 05:48:50,9610,28710
AaronHsain,,False,,,19,126,2014-10-02 01:37:50,0,1
NirranjenC,,False,,,1,48,2018-03-22 14:26:42,0,0
Betty74482232,,False,,,1,9,2018-03-14 07:12:10,1,0
Causeanxiety,,False,,Mental health is as important as air or water so don't treat it likes its not.,3,24,2018-03-22 04:45:39,5,4
Vivian09329443,,False,Liberia,My consistency and I'm innovative.,0,11,2018-03-22 17:10:48,0,0
AlanRShultz,,False,,,0,1,2018-03-22 17:11:18,0,0
xQ2Xp64tcqq8Sr2,,False,,,0,109,2018-03-22 17:10:26,0,0
wanjohilewis2,,False,,,21,69,2015-06-19 11:03:06,0,0
steen1780,,False,,,0,41,2018-03-22 17:09:27,0,0
Amarjit52210487,,False,,,2,45,2018-01-29 16:33:42,0,2
Maneesh25184443,,False,,,2,50,2018-01-11 04:42:14,11,2
jujong1949,,False,,,0,359,2010-05-06 22:04:35,10,3
GreenEggsnSam55,,False,,Hakuna Matata,109,411,2011-06-10 13:01:58,833,3115
DivyaIneni,,False,,,0,4,2018-03-22 15:10:59,0,0
Nazehismail3,,False,,,0,29,2018-03-22 17:11:06,0,0
_wangroyal,,False,China,,3,24,2012-02-05 15:24:27,1,2
FrankCh22265784,,False,,,0,77,2018-03-22 17:11:49,0,0
staranko7924pl,,False,,,0,95,2018-03-22 17:10:42,0,0
Shehabeldeenou2,,False,,,1,5,2018-03-21 20:19:52,0,1
mcconkey_tina,,False,,,0,4,2017-05-30 21:17:41,0,0
Tom56125815,,False,,,0,18,2018-03-14 17:01:43,0,0
kingkashif20556,https://t.co/WLdkaUJaye,False,"Punjab, Pakistan",profecaer dr work at https://t.co/XzGpiJOIQG and https://t.co/oLENR8GHUT,9,236,2016-11-07 15:39:21,10,82
IyaboAbe,,False,,,27,139,2016-07-11 09:36:38,34,31
osama74515071,,False,,,1,56,2018-03-22 17:11:41,0,0
kamalka63046404,,False,,,2,24,2018-03-20 11:19:27,8,2
desoukybgmailc1,,False,,,4,60,2016-09-18 16:37:47,2,1
RobBerwick14,,False,,,1,15,2018-03-22 17:09:50,0,1
Vismock,,False,,,23,148,2017-09-18 19:13:35,0,0
prettybird5992,,False,United States,,29,211,2015-08-17 20:49:20,26,6
DorreJim,,False,,"Retired Engineer living in Kingman, Arizonza",0,11,2017-11-12 17:32:23,2,0
mohamed67845506,,False,Sudan,Trending Travel Pop Hip-Hop/Rap eSports Music Art Movies Photography Design & Architecture,1,184,2018-03-22 17:10:47,0,0
pommernbach,,False,,,2,22,2016-12-28 17:15:03,3,6
lfrlawpc,,False,Plainview,"Lauren F. Riesenfeld Law, P.C. is a boutique law firm on Long Island specializing in matrimonial/family and criminal law.",0,17,2018-03-22 17:10:50,0,0
jtg1299,,False,,,6,28,2014-12-26 20:04:55,25,1
william68710799,,False,"Glasgow, Scotland",William Roberton,7,194,2018-03-22 05:15:49,0,0
edmore_kurima,,False,,,1,108,2018-03-22 16:23:04,0,0
elabasy50,,False,,,138,787,2014-01-13 21:42:46,994,1364
DEGrifFB,,False,,,0,5,2016-06-25 02:32:41,0,1
ChicsThe4,,False,,,0,49,2018-03-22 17:11:10,0,0
Harvarinder1,,False,"Punjab, India",Deeply imagine,0,40,2018-03-22 17:09:28,0,0
Sadan10868539,,False,,,0,60,2018-03-22 15:57:28,0,1
CathleenWang9,,False,"California, USA",,0,2,2018-03-22 17:07:40,0,0
NIIADUC18701497,,False,,,0,60,2018-03-22 17:09:59,0,7
lindaqi0124,,False,,,5,70,2015-11-16 23:46:46,5,1
rosaguillermo3,,False,Santo Domingo,"naci el 6 de nov., soy casada, con tres hijos, soy cristiana catolica, anuncio que Jesus esta vivo y reinando y yo soy su discipula.",9,85,2013-02-04 16:19:20,0,12
M5aIWmOQIHIPN2V,,False,,,0,72,2018-03-22 17:10:04,0,0
drsaraa2,,False,,,2,58,2018-03-22 17:09:49,0,0
Brianlewis73,,False,,,6,13,2015-03-13 02:41:21,9,6
cmanjarrez10,,False,"Houston, TX",,47,64,2009-01-21 23:56:07,218,1030
Kishlay72937431,,False,"Patna, India",,0,6,2018-03-13 12:01:17,1,0
LeoKool,,False,,,23,14,2009-08-13 20:29:28,1,10
Chepe_L98,,False,"Arden-Arcade, CA","Entrepreneur mindset.
It's not about how you failed today, but how you progress into tomorrow.
916 & 831
@Chepe_L98",49,284,2016-04-26 01:09:36,168,53
krochel,,False,"Nashville, TN",,20,265,2009-04-23 20:34:01,7,33
GuyShonn,,False,,,1,3,2018-03-19 03:18:41,0,0
MennaAndSammy,https://t.co/m8ER1NqTQ8,False,,Watch our Fabtastic shows and follow us on instagram & facebook,0,55,2018-03-22 17:05:20,0,0
MENTALSHIVVER,,False,,,51,213,2017-01-06 16:29:10,61,24
sevdashahaliyev,,False,Azerbaijan,Translator :),1,41,2018-02-15 06:28:50,1,1
Mrmoustachee,,False,,,65,486,2015-03-17 22:58:00,495,455
gavinschroder1,,False,,,2,38,2018-03-22 14:56:20,0,0
ShiyuanZhang,,False,,,0,19,2018-03-22 17:10:06,0,0
jewbleens,,False,,,0,14,2018-03-22 17:10:02,0,0
BalaNaidoo4,,False,,,0,18,2018-02-20 20:18:23,0,0
BrittneyButtler,,False,"Texas, USA",I will probably tweet about my cat. #TAMU20,54,84,2018-03-18 22:41:10,40,18
MDABUSALEHMIR1,,False,Bangladesh,Graphics Designer and YouTuber,112,656,2017-11-23 11:16:50,37,10
luisalm147,,False,,,2,8,2011-12-29 15:37:10,2,6
tfvxjgqtlw,,False,,,2,91,2018-03-22 17:09:58,0,0
Lurkuh,,False,,,671,78,2016-11-19 01:11:01,1677,210
jumameshack7,,False,,,1,99,2018-03-22 17:07:31,0,0
Muhamma08969671,,False,Canada,NBA Sports Technology Politics,10,98,2017-09-29 23:44:45,72,35
CarmelKandie,,False,,,5,281,2012-05-20 23:20:59,365,170
Samat137,,False,Capetown South Africa,,21,159,2012-03-28 08:51:25,2,0
MohanadAlshaik2,,False,,,1,43,2018-03-22 17:05:48,0,0
santanakrishnan,,False,"Chennai, India",,21,328,2011-12-10 09:26:49,16,14
ajp1130,,False,,,0,1,2018-03-22 17:07:15,0,0
JohnySm73312431,,False,,,1,79,2018-03-22 17:10:17,0,0
innovacionenim1,,False,,,0,60,2018-03-22 17:10:11,0,0
Will18246853,,False,,,1,16,2018-03-22 17:11:13,0,0
AHoovanna,,False,"Sakleshpur, India","Student
I have to kill my enemy with my smile
Indian",4,113,2018-03-06 02:30:39,5,0
nickposenjak,,False,"Buffalo, NY",,69,53,2014-02-03 02:13:59,76,423
EliRHenderson,https://t.co/W18Eu5ODAu,False,"Queens, NY",I'm based in Manhattan. I hang my hat in Queens. Raised down south but I'm a worldwide local.  #recruiter,13,18,2016-05-28 14:40:06,31,17
Ohio87L,,False,,,3,120,2018-03-22 15:50:25,1,0
TammieLand1,,False,,,0,12,2018-03-21 22:28:23,0,0
mtaylor11101957,,False,,,0,2,2018-03-22 15:53:35,0,0
RWebb1771,,False,"Mount Carmel, IL",I spent years making fun of Twitter and now I have one,19,72,2018-03-22 16:37:03,2,3
rebirthWANG,,False,,,0,3,2018-03-22 17:08:49,0,1
RiyaCallaghan_,,False,India,,10,37,2014-01-27 15:44:45,73,15
Tb03318111,,False,,,0,4,2018-03-22 17:04:48,0,0
Mncedisisthe17,,False,"Durban, South Africa",It is simple DREAMS ain't gonna work if you don't.,14,26,2017-03-15 08:59:14,36,30
leslieryan2018,,False,,,0,1,2018-03-14 04:40:44,0,0
catherinedethl5,,False,,,1,39,2018-03-22 17:10:51,0,22
Jessica38943662,,False,"Iztapalapa, Distrito Federal",JSD....,0,7,2018-03-22 17:08:55,0,1
HadamFaris,,False,,,2,95,2018-02-13 14:03:31,10,12
RahibMusayev2,,False,,,5,15,2018-03-22 17:09:41,0,0
RPlanemo,http://t.co/hk8akx7Vjg,False,,,10,29,2011-08-08 13:53:46,86,217
AccelerateMTG,,False,"Newark,","At Accelerate Mortgage, we specialize in VA loans and offer a full suite of Government and Conventional loan products.",0,12,2018-03-22 17:07:51,0,1
inarabsharat,,False,,,0,66,2018-03-22 17:09:38,0,0
AasimHmooode,,False,Sudan,,2,45,2018-03-17 15:45:16,2,2
Saurabh29536819,,False,,,0,27,2018-03-22 10:24:29,0,1
MDarbakk,,False,"Sarpsborg, Norge",Loves to read and bath in the summer,0,4,2017-09-17 08:43:43,4,1
461gymrat,,False,,,0,8,2016-10-27 01:04:30,0,1
fore_max,,False,,,41,65,2014-06-26 04:10:17,7,0
piyalsaha67,,False,GARIAHAT ,,14,72,2010-12-25 14:04:04,0,16
1Z66Qpe8sqmQNix,,False,,,0,89,2018-03-22 17:10:15,0,0
TajaMonaa,,False,,,0,41,2018-03-22 17:04:33,1,1
nashtoto,,False,,,13,148,2012-09-23 11:19:20,6,524
PendleTweet,,False,,,11,21,2009-06-03 19:07:35,0,1
vivekr0291,https://t.co/m8baDPzuhw,False,"Seattle, WA",https://t.co/TRFPL9BCfZ C.E @stonybrooku. Infra Dev @microsoft. Volunteer @artofliving. Server-side performance and optimization algorithms interest me. Meditation is key.,249,332,2011-05-08 15:29:24,580,2312
realTumpDonald,,False,,,1,29,2018-03-22 16:53:55,0,0
raympat,,False,in a crowd ,,730,652,2010-08-09 06:16:44,22246,33698
Drakose12,,False,,,48,332,2013-08-03 15:47:17,18,7
ZFXwxy2bbexqIpz,,False,,,0,71,2018-03-22 17:09:15,0,0
lunacyose,,False,,,0,15,2018-03-22 17:07:57,0,0
achemind,,False,,,0,7,2014-08-05 05:44:16,0,1
ashkan_74,,False,,,0,5,2018-03-22 17:07:20,0,0
Datguywitdatats,,False,,,0,24,2018-03-22 17:09:20,0,0
UrimMatoshi,,False,Kosovo,,1,25,2018-03-21 18:37:01,5,1
Naf94840655,,False,,,0,32,2018-03-22 17:10:06,0,0
ChuckRockford,,False,,,60,55,2009-02-21 02:58:32,1,152
thetruefishboi,,False,,,1,36,2018-03-22 14:35:20,4,0
brendan_rice_,,False,,Long Beach,40,77,2015-03-30 01:04:48,27,7
Dewaaduq99,,False,,"DEWAADUQ agen situs poker online terbaik dan terpercaya serta di minati oleh masyarakat Indonesia 
Jangan ragukan lagi, Daftar sekarang dan jadilah jutawan !!!",0,16,2018-03-22 17:08:40,0,1
MargaretSculley,,False,,,0,2,2018-03-22 17:09:26,0,0
lengo_bht,,False,,,0,88,2018-03-22 17:08:03,0,0
RMitchell_28,,False,,,1,7,2016-05-19 02:32:20,1,0
MaggieT42192564,,False,"Fort Collins, CO",,0,36,2018-03-22 17:09:19,0,2
PerdewJohn,,False,texas -- florida -- wyoming,"runner, adventure seeker, lover of mountains and oceans | i believe |",105,441,2013-05-22 02:24:53,89,407
ptancreti,,False,"Columbus, Ohio",Mid-west inhabitant.,28,32,2008-02-05 14:12:12,1,44
neuman1671,,False,,,0,14,2018-03-22 17:08:24,0,0
wanglixin4,,False,,,0,4,2018-03-22 17:07:05,0,0
adamk1188,,False,,,6,96,2016-07-30 06:25:43,12,10
ThanZaw04490076,,False,,,1,40,2018-03-22 17:07:12,0,1
SuhaibTegani,,False,,,1,55,2018-03-19 18:53:27,0,0
MdAbdul1751711,,False,"Dhaka, Bangladesh","i am a student. 
studied Daffodil international university.

textil engineering.daffodil international university. Bangladesh .
i live Bangladesh",5,125,2018-03-17 10:21:47,62,1
gabrielbrackett,,False,,care to see the land & the water where nature created friendship,364,188,2015-01-01 02:31:08,4787,4822
JoshSpr02103890,,False,"Helotes, TX",O'connor FFA,1,6,2018-03-22 17:05:45,0,0
Tandy22925723,,False,,,0,48,2018-03-22 17:10:07,0,0
macuini,,False,,,4,76,2009-12-26 09:31:32,1,5
ahtlihaj,,False,,,0,85,2018-03-22 17:07:40,5,0
LeonSenpai_,https://t.co/MmdgMlfhxk,False,Singapore,I like clouds and tea cuz im gangsta af IG: @LeonSenpai_,256,212,2011-02-12 09:15:23,736,8541
junomeadlee,,False,,,0,1,2018-03-22 17:01:47,0,0
AgnesApell,,False,,,1,21,2018-03-22 17:03:49,0,0
saikris123456,http://t.co/H6rNO5E1rM,False,hyderabad,hi iam sai krishna ..... heavily called as KITTI ... I AM pursuing my btech in ACE ENGG COLLEGE......,16,154,2013-05-26 04:58:26,57,138
Aidannnnn21,https://t.co/j3zt2Yddln,False,,"""Vatos locos""-A.Lincoln",357,335,2016-06-29 02:00:57,808,1204
BlairBrianz,,False,,,7,59,2018-03-22 17:09:49,0,0
momand_irshad,,False,,,0,78,2018-03-22 17:09:47,0,0
RbBesh,,False,,,0,68,2018-02-24 18:05:13,0,0
younoussekabor,,False,,,1,118,2018-03-22 17:06:16,0,1
Shahid79134139,,False,,,1,76,2018-01-19 16:09:39,24,0
Dongyi90,,False,,"Be yourself, Enjoy life, Sweet home",3,8,2013-08-21 00:21:16,3,0
HeeyBrit_,,False,,,0,18,2018-03-22 16:57:50,0,0
JaciFleenor,,False,,,0,21,2018-03-22 17:03:58,9,2
ThierryDevress1,,False,,,0,4,2018-03-22 16:55:37,0,0
Ananth_Official,,False,Chennai,,71,394,2009-11-20 03:49:37,4,89
rJnwRw6KkutafQq,,False,,,0,82,2018-02-20 16:35:43,0,0
JasonTibaijuka,,False,,,2,100,2018-03-21 18:34:13,0,0
ShireenSamhan,,False,,,7,142,2013-01-01 07:51:54,9,22
micahman1125,,False,"Florida, USA",I'm a nice person just cruising through life. I speak in movie quotes and song lyrics mostly.,1,43,2016-11-09 13:43:14,0,1
Hanaddj2,,False,,,0,17,2018-03-22 17:08:50,0,0
Julian17909328,,False,,,0,19,2018-03-22 06:05:45,1,2
miltonjoiner1,,False,,,0,25,2018-03-22 11:09:42,0,0
YochananVink,,False,,,0,28,2018-03-22 17:06:05,1,0
LeagueYouth1,,False,"Kentucky, USA",I have multiple championships in youth league sports. I had a team once beat another team by 100 points. We talk trash and back it up!,0,37,2018-03-22 17:07:13,0,0
CArtzner,,False,"Gastonia, NC",| come as you are | it is well with my soul |,504,299,2013-03-02 16:18:25,12012,18423
RickyAprilio10,,False,,,0,73,2018-03-22 17:08:39,0,0
EmilyRainLove01,,False,,,0,71,2018-03-22 17:08:13,0,0
LuizGus4182,,False,,,1,21,2018-03-22 17:08:31,0,0
Kk1950Sharma,,False,,,34,279,2017-07-19 16:21:10,5,3
Mamedsefer1,,False,Azerbaijan,https://t.co/qeRIe0Yw7G,0,90,2018-03-21 19:38:00,16,3
Uut_017,https://t.co/juD6avT1nI,False,Bunyu,Pt PDSI,0,32,2018-03-22 17:09:03,0,0
Merbles,,False,"Denver, CO",Enginerd extraordinaire. Happy to judge.,19,111,2012-02-11 00:24:18,29,25
Ej_Gonzalez891,,False,,,0,68,2018-03-22 17:06:58,0,0
Richard122889,,False,Worcester mass,,4,145,2018-02-01 05:54:17,28,5
alfre_fdez,,False,,,0,16,2018-03-22 16:56:32,0,0
EliraSimonich,,False,,,1,141,2018-03-22 17:05:28,1,0
DEATHvsGOD21,,False,"Nebraska, USA",LIFE,51,476,2015-09-20 01:26:18,405,119
josedanielaray5,,False,,,8,184,2015-11-16 23:25:25,93,154
IAmFabolousity1,,False,United States,,5,12,2010-04-23 00:55:58,2,0
Tranvanbng3,,False,,,0,2,2018-03-22 17:04:09,0,0
TiehoMalefu,,False,,,1,15,2018-03-22 17:05:05,1,0
titi_amos,,False,,,1,140,2018-03-22 17:06:08,0,0
maquina5859,,False,,,8,216,2017-04-01 14:04:27,319,59
FedUpTchr,,False,,10-year public school teacher and pissed-off millennial here to drown out the Russian trolls and take back our country from the modern day aristocracy. #resist,1,70,2018-03-22 17:07:48,0,3
gonekar_harsh,,False,,,1,173,2018-03-22 17:07:38,1,1
NaanaHawa2,,False,,,0,17,2018-03-22 17:08:22,0,1
moses_2dope,,False,"Fort Worth, TX",Theres no other choice but to keep going forward,7,24,2018-02-19 23:23:50,25,10
L17725672,,False,,,0,12,2018-03-07 17:01:16,38,0
ridda_lumba,,False,Jakarta,,1,42,2018-03-22 17:08:01,0,0
mrs_wildes,,False,,,1,13,2018-03-22 17:04:37,0,0
afeng978789978,,False,,,0,20,2018-03-22 17:07:57,0,0
grpolvorosa,,False,San Lorenzo,,18,229,2010-12-14 17:48:26,3,81
LindaMariska3,,False,,,0,4,2018-03-22 17:07:10,0,0
madogg256,,False,,,171,1487,2009-08-30 08:14:58,458,1181
champymartins,,False,"Centre, Cameroon",Le divertissement,6,49,2018-03-10 11:25:30,3,6
WAlberts3,,False,,,0,20,2018-03-22 17:05:01,1,0
Ramah795,,False,,,1,59,2018-03-22 17:07:00,0,1
peggyj127,,False,,,2,4,2009-04-07 00:34:15,0,0
karinabarcelo15,,False,,,1,8,2018-03-22 16:48:14,0,0
PrinceK94322765,,False,,,1,53,2018-01-19 15:26:13,2,2
CruzDianag,,False,,,7,131,2014-02-24 12:13:53,238,83
PelukR4,,False,,,8,181,2018-03-01 20:42:03,0,5
anthonyinfamou1,,False,,,0,12,2018-03-22 17:08:27,0,0
Lisa14909700,,False,,,0,4,2018-03-22 17:07:28,0,1
Aiko1074,,False,,,0,77,2018-03-22 17:03:14,0,0
kaldjames,,False,,,0,4,2018-02-27 00:56:32,0,0
QGS2fAk3PEd59Xq,,False,,,2,112,2017-04-09 23:16:58,0,1
Ricky_Suavecito,,False,,,33,234,2013-07-27 11:20:41,247,38
rainbow_ptc,,False,Planet Earth,,0,4,2018-03-21 13:10:15,9,0
KlausPeterBerg3,,False,,,0,1,2018-02-23 15:32:55,0,0
8TUPIYaLzIs9r8g,,False,,,1,27,2018-03-22 17:07:06,0,0
OliverVarhelyi,,False,,,24,172,2016-03-16 20:27:33,2,2
therealjakewaid,,False,"Vacaville, CA",guitar and bass player. singer songwriter.,2,33,2018-03-22 17:06:45,0,4
ramjohnick,,False,,,127,132,2010-01-07 22:34:29,15,327
BartekzSejn,,False,,,0,3,2018-03-22 17:05:34,0,0
neilarmour5989,,False,"South Dublin, Ireland",been known to cross borders from time to time.,37,130,2015-06-03 20:27:41,197,479
kangnamgyu97,,False,"Toronto, Ontario","ISO; Your call, Football NA'17 ;Homegrown Toronto'? kicker #EyesUp",734,596,2011-05-06 07:31:31,4571,3296
ballajallow991,,False,,,0,5,2018-03-22 17:07:59,0,0
Sibongi36949918,,False,,,0,21,2018-03-22 17:08:06,0,0
gary_murrieta,,False,,,12,77,2013-05-30 02:56:07,1310,194
girishms267,,False,Mandya,,0,99,2016-04-10 04:44:03,0,1
Junior_Jackson_,https://t.co/8rikTNb6St,False,Brasil,.....,943,1736,2013-02-20 02:39:09,2069,1470
johmoe97,,False,,,31,195,2011-03-08 20:28:00,1167,37
TKMiller12,,False,,,0,33,2017-07-20 22:56:34,4,0
janicewu16,,False,,,0,35,2014-04-24 00:07:45,4,1
mercuryman16,,False,"Utah, USA",Politics Politics,0,11,2018-03-22 17:02:18,0,0
ambani_lydiah,,False,,,0,33,2018-03-22 17:06:49,0,0
harmony96395803,,False,,,1,106,2018-03-22 17:07:22,2,0
Samano27819822,,False,,,0,7,2018-03-22 17:03:46,4,0
johnadamski,,False,,,34,40,2009-06-14 14:33:24,1,72
CheetaBharat,,False,,tiget,1,202,2018-03-22 17:03:10,0,0
snakedinar,https://t.co/UYdSaQ5xKU,False,united kingdom,BaRcElOnA iS tHe BeSt Yo O_o,715,1994,2010-10-02 04:43:27,2241,3967
Canizales030316,,False,,,0,100,2018-03-22 17:04:56,1,0
Andy59100679,,False,,,131,194,2015-06-06 18:31:19,10872,4666
forman92080028,,False,,,0,51,2018-03-22 17:08:01,0,0
Paulo52260106,,False,,,1,110,2018-03-22 17:03:54,0,0
maxfernando22,,False,,,11,134,2013-12-01 03:53:07,67,20
mrfgob,,False,Honduras,99% Casi.,5,185,2017-10-25 14:33:10,2,0
LaerkeV,,False,,,6,7,2013-04-18 09:13:52,6,0
CandyDan1990,,False,,,2,97,2018-03-22 16:57:26,0,0
chasecre8tiv,,False,,,45,56,2011-06-30 22:13:19,5,19
deyvsondee,,False,Brasil ,,2,7,2018-03-22 15:01:05,2,6
nkumar1205,,False,,,13,25,2013-06-03 16:09:08,4,3
Nermeda11,,False,,,0,113,2018-03-22 17:08:25,0,0
sahilme64754754,,False,,,0,54,2016-12-21 23:19:03,0,1
mcortsgutirrez,,False,,,3,106,2014-01-07 17:03:32,2,4
Michele86879972,,False,,,0,31,2018-03-22 16:50:15,0,0
FurnaKscally,,False,,,0,48,2016-03-02 23:57:03,0,0
yuhmawi_,,False,"Aspen Hill, MD",,11,27,2018-03-18 19:44:17,12,8
Isabele34278172,,False,"Belo Horizonte, Brasil",,1,14,2018-03-22 17:05:56,0,0
shrubb17,,False,,animals comedy Pokemon memes,3,92,2018-03-21 21:55:44,43,4
Gunduz61934588,,False,,,1,52,2018-03-22 17:07:16,0,0
Imivuyo7,,False,,,5,142,2018-03-22 17:06:41,0,1
Maruf20141270,,False,,,3,197,2018-03-13 15:04:30,104,6
IndraSy48998842,,False,,,0,46,2018-03-22 17:06:17,0,0
mona90499188,,False,,,1,8,2018-03-22 16:55:29,0,0
ashkriz11,,False,"Urgun, Paktika.",,14,114,2015-08-24 18:12:49,7,4
Falcon41604941,,False,,Soccer,25,321,2017-10-11 17:32:44,146,81
perfectnbtybuys,https://t.co/6cpU7fcsPU,False,,,30,248,2017-05-31 17:27:15,21,54
DanielDaybreak,https://t.co/6dEHYSTnXY,False,"Nashville, TN",@wearethefinale,503,45,2009-03-24 15:32:03,579,3550
jzxtjtkvaya,,False,,,1,79,2018-03-22 17:06:48,3,27
nztigress,,False,Dunedin,finding me again,1,38,2014-05-19 13:36:08,0,1
PriyamShah7,,False,,,1214,161,2013-10-05 07:41:12,865,2082
bryanfuquene,,False,,Hip-Hop,68,146,2015-01-26 16:52:42,201,979
LucyBur80202937,,False,,,19,65,2017-10-10 11:37:26,214,248
HealthTbi,,False,,,1,28,2018-03-22 17:03:35,0,0
Rohitsi01005161,,False,"Sohna, India","I am studying now,was&will be",0,27,2018-03-01 14:34:20,0,0
chngnaiyun,http://t.co/SVmr0c4MUa,False,Singapore,,242,342,2008-05-08 22:29:42,11,1962
LanaGilbertccr,,False,,,1,19,2018-03-22 16:56:43,0,0
BNakkarack,,False,,,2,54,2018-03-22 17:05:06,0,0
Matt67977473,,False,,,0,3,2018-03-22 16:56:02,0,0
Sue96837264,,False,,,0,2,2018-03-14 00:24:19,0,0
m_logan10,,False,,You can't win em all,279,165,2012-07-07 04:33:19,2585,2726
mo12ah12,,False,,,19,183,2016-04-23 14:59:17,88,7
Ric_Weiss,,False,,,0,7,2018-03-22 17:00:59,0,0
ActivDisengagmt,,False,,"Born out of a wedlock between cynicism and sarcasm, the ultimate fcuked up child in a hypocrite society.Cynicism is my humor in ill-health.",78,154,2013-04-10 04:38:43,1,108
YNani10,,False,"Nandigama, India",Nani,3,173,2017-07-18 06:00:27,235,3
olivgbr,,False,,,0,11,2018-03-19 17:40:06,0,0
mistermonkey67,,False,,,4,29,2011-11-02 03:39:41,19,25
ImDerpeus,,False,,,0,8,2018-03-22 17:04:27,0,0
MishraSamdarshi,,False,,,0,92,2018-03-22 17:04:41,0,0
Kianelyss1,,False,,,1,148,2018-03-22 17:06:31,0,0
JaredJ2003,,False,,,3,21,2017-08-17 23:04:47,4,3
SusanL19872798,,False,,,0,7,2018-03-21 06:11:42,1,0
TonyJernigan4,,False,,,0,2,2018-03-22 17:06:02,0,0
Lisaxu1123,,False,,,0,15,2018-03-22 17:02:58,0,0
Annathompson250,,False,South Africa,"Crypto crazy , ready for opportunity, adventurous , adrenaline junkie",85,936,2017-05-15 12:55:19,9,3
c6xDiF247LHQeuJ,,False,,,0,26,2018-03-22 17:01:01,0,0
ukcdjwhmdj,,False,,,0,59,2018-03-22 17:06:40,0,15
rooks468,,False,,,0,45,2018-03-22 17:05:02,8,5
LUCA161082,,False,"Lecce, Puglia",Avvocato,5,64,2012-03-24 15:16:23,3,8
Lukedante3,,False,,,4,103,2018-02-23 21:05:53,7,1
Sajjad9810,,False,,,1,26,2017-12-25 00:13:23,0,0
gesterkamp,,False,,,7,109,2010-02-06 05:19:52,0,0
marans_brittany,,False,,,13,25,2016-05-24 03:52:41,0,3
EldarHyper,,False,Kazakhstan,,0,95,2018-03-22 17:00:05,2,0
bebitajuliao,,False,,,3,37,2015-03-11 22:18:44,6,2
pietro4000,,False,maspalomas gran canaria,,9,34,2009-09-11 08:24:10,1,13
PaulCutcliffe,https://t.co/E6B6v9hVPC,False,UK,Freethinking atheist who loves a party almost as much as his kids.,32,77,2013-04-25 10:08:22,56,1024
AftaxS,,False,,,2,112,2018-03-22 15:45:48,0,0
nbministry12011,,False,Dupont Circle DC,,0,34,2018-03-22 17:04:45,0,0
justin35010569,,False,,,6,170,2018-03-20 17:42:25,79,20
jojomullins59,,False,tuscaloosa,,289,242,2014-11-01 18:06:46,5266,1278
WillBro8,,False,,,44,103,2015-11-05 17:37:41,171,12
5OgBf5VSmMWU5dn,,False,,,0,2,2018-03-19 18:14:13,2,0
jeffreyyeung912,,False,,,0,17,2018-03-15 18:58:46,0,0
Silasmarco1,,False,,,0,3,2013-07-09 10:48:12,39,0
YangYu0818_94,,False,"Nashville, TN",,0,49,2018-03-22 17:03:17,0,0
6SMFHakAX3RapVw,,False,,,20,242,2018-02-03 19:10:15,1,0
marc_telliet,,False,,,3,98,2018-03-22 17:05:10,0,0
OlaneganTaiwo,,False,,,2,84,2017-12-09 13:01:37,2,1
gaydos_jasmine,https://t.co/t1soogxO08,False,,,865,508,2014-06-10 15:31:05,14415,5861
cmwwinterbauer,,False,,,5,16,2018-02-26 21:38:53,6,6
DLipe13,,False,,,5,8,2011-10-13 14:25:34,0,3
Cocoyin4,,False,,,0,1,2018-02-09 23:38:04,0,0
CCRider9106,,False,,,10,81,2018-03-05 02:32:35,90,270
_anparisi,,False,,,1,9,2018-03-22 16:55:56,0,0
jeanne_curran,,False,,,0,116,2016-06-22 16:58:06,468,63
lovethe24iclou1,,False,"Nashville, TN","Jeff Gordon, William Byron; crafts; travel",0,15,2018-03-22 16:53:31,0,0
allamericancro1,,False,"Richmond West, FL",,0,34,2018-03-22 17:03:36,0,0
amos_kwari,,False,,,0,16,2018-03-22 16:58:30,0,0
luke9314,,False,"Machesney Park, IL",,3,13,2017-04-01 01:26:47,11,5
rachaelhood94,,False,,,1,53,2018-03-22 16:55:52,0,0
EkaterinaRoby,,False,U.S.A.,,27,56,2010-04-02 12:53:02,1093,483
holloestoen,,False,New Zealand,"Well, it's not pointless anymore...",1,34,2017-10-23 05:52:19,34,21
RajeshC18348376,,False,,,0,32,2018-01-17 06:26:07,6,1
thomaspaul5474,,False,,,0,85,2018-03-22 17:05:34,0,0
leaderbalde,,False,,,3,105,2018-03-22 17:00:22,3,5
1deadgrandpa,,False,,"raging lesbian
@adrianascalise 
@acrookkk",123,138,2015-09-01 03:43:39,3141,1161
Guille86397763,,False,,,0,2,2018-03-22 17:02:42,0,0
bennet2468,,False,,,0,86,2018-03-22 17:02:10,2,0
cephasmakavi2,,False,,,0,126,2018-03-22 17:03:20,0,0
e5Wb3YlotLReJVK,,False,,,4,78,2018-03-22 17:02:41,0,0
yin1031,,False,,,3,63,2011-12-04 14:28:40,178,70
SergeDekker1,,False,,,0,84,2018-03-22 17:03:49,0,0
Vrijeshnishad,,False,,,3,46,2018-01-29 13:05:42,0,0
Scottwood1,,False,,,0,2,2017-05-14 17:30:05,0,6
AlegreMaurice,,False,,,1,56,2018-03-22 17:05:12,0,0
Logan89654158,,False,"Florida, USA",Logan Dubya | BHS class of 2018 | Libertarian | unemployed | stinky |,14,78,2018-02-06 13:42:47,246,82
Bikumbi2,,False,,,14,93,2017-06-09 22:37:48,7,4
Kaseeth2,,False,,,1,104,2018-03-22 17:04:13,0,0
Minhtran090389,,False,,,1,99,2018-03-22 17:04:34,0,0
8wgGakJvTQfEvq3,,False,,,0,21,2018-03-03 13:28:42,6,5
john2co,,False,,,0,24,2012-03-11 01:30:45,0,1
TtttttttttttGg5,,False,,,0,14,2018-03-22 17:04:43,0,0
nadefuhyobih,,False,Yourgirlsroom,,72,432,2017-06-03 01:44:41,2281,134
redamagdy850,,False,,,0,59,2018-03-22 17:03:40,0,0
iaroivordcr,,False,,,3,103,2018-03-22 17:04:36,0,0
ertmiraflores11,,False,,,0,35,2018-03-22 17:04:31,0,0
ann_akelly7632,,False,,,0,41,2015-05-25 02:14:51,2,7
JohnAbb09289342,,False,"North Ascot, South East",Beat boss baby In an arm wrestle,1,11,2018-02-25 15:20:33,3,2
BoomAbuzar,,False,,,1,111,2018-03-22 17:04:14,1,2
Tomedk1,,False,,,0,2,2018-03-22 17:00:19,0,0
harju_juhani,,False,,,1,7,2018-03-22 13:36:53,0,0
justfit_apparel,,False,,https://t.co/ltcTSoPQer.HAVE.,2,48,2018-03-22 17:03:15,0,0
Jdjd66637343,,False,,,2,196,2018-03-19 16:44:27,7,1
Joberking,,False,china,,2,109,2018-03-22 17:00:58,0,1
matthewbonnar99,,False,,,137,425,2014-12-26 02:00:13,247,174
AkinwaAkinwa3,,False,,,67,295,2013-10-28 14:15:19,18,210
mocha2go,http://t.co/J440pTWlYV,False,"University Place, WA",Retired.  Ballroom Dancer.  Over 55.,46,243,2009-11-26 19:06:38,786,565
O01223320642,,False,,,0,16,2018-03-21 17:03:24,9,0
sbolda1,,False,Mars,,25,183,2012-05-17 02:00:03,760,120
DHay87,,False,Canada,,15,144,2015-03-24 22:29:16,52,1
MaxSciever,,False,,De Smet Jesuit High School,28,67,2015-03-05 04:53:32,2,2
JhatiSujati,,False,,,2,66,2018-03-22 17:03:27,0,0
ahmed35154990,,False,,,2,66,2018-03-22 16:51:48,3,2
hajimohamed1981,,False,,,0,17,2018-03-22 17:05:01,0,0
SandraH73159851,,False,,,0,1,2017-12-02 17:10:32,0,0
irishduke2,http://t.co/dvO55TRqJG,False,"Detroit, MI & Drinking Bourbon",Host Of Bourbon On The Rocks on FTR Radio & WAAM 1130. Contributor @RedState  I kinda miss Joe Biden https://t.co/A7tR5gVcjK,2569,367,2010-07-18 03:26:16,1986,37133
o_p0o,,False,,,0,1,2018-03-22 17:01:10,0,0
Khanyis33770303,,False,,,1,103,2018-03-22 17:04:55,0,0
iFrNPGsM9h2miII,,False,,,2,55,2018-03-22 17:05:36,0,0
JoshFre76929899,,False,,,0,11,2018-03-22 17:01:58,0,0
kranghenry,https://t.co/sxvgd14rSL,False,"Cleveland, Ohio",.,404,153,2010-02-12 18:17:45,995,272
joe_madafi,,False,,Yearns for Bergkamp wonderland! Otherwise he is an actuarial trainee living in London but extensively lives for THE ARSENAL,57,169,2010-09-24 16:37:45,135,527
austinc51179608,,False,,,0,35,2018-03-22 17:04:22,0,0
AmarKum54568699,,False,,,0,47,2018-01-02 02:54:28,23,0
sendlewds,,False,Australia,I try to draw things,3,66,2018-03-22 16:57:40,1,1
mfhfiepsi4976qd,,False,,,0,25,2018-03-22 17:04:09,0,0
GodardKatie,,False,,Trending Health Digital Creators Pop Fitness & Wellness Movies Haha Photography General News Amazing Celebrity Weather Art Humanitarian Industry News Literature,0,18,2018-03-22 17:00:52,1,0
LilsChen,,False,,https://t.co/y693UDh9hC,1,70,2018-03-22 17:03:49,0,1
baseballsandlot,,False,,,9,26,2009-06-27 19:23:12,14,12
BelovedOgunmola,,False,,,0,3,2018-03-22 16:58:15,0,0
Goa55645695,,False,Senegal,keep moving forward,1,35,2018-03-22 11:20:03,0,0
MikeCro77453224,,False,,,1,10,2017-07-13 13:15:48,0,0
isa_hab_,,False,,,0,21,2018-03-22 17:00:42,0,0
hanks28431886,,False,,,0,17,2018-03-22 17:01:20,0,0
DACED_TXDems,,False,,Dallas County East Democratic Club (DACED) serving SE Dallas Co. Texas,49,85,2018-01-10 01:09:48,107,90
shanegiles,,False,NG19 ,,204,352,2010-11-06 19:51:19,597,660
JohnLMarple1,,False,,,0,13,2018-03-22 17:00:00,0,0
javisva,https://t.co/E4L2sNa5jv,False,Madrid,Step into my office,81,286,2012-09-11 17:17:43,9274,2845
bobskin411,,False,,,11,16,2013-08-21 02:45:07,99,11
Liyema41310466,,False,,,0,34,2018-03-22 17:03:06,0,0
miwa_power,,False,,,0,151,2012-02-04 09:10:52,4747,2
YcLaiN17,,False,,,0,44,2018-03-11 16:45:25,22,7
Chief_Gleesh,,False,,12.13.11,598,267,2016-02-26 15:11:56,76981,1734
EarlyBi37876803,,False,,,0,114,2018-03-19 06:04:18,0,0
wweijie2,,False,"Perak, Malaysia",Trust the process,9,60,2018-03-08 16:23:36,57,19
Ron16416051,,False,,,3,48,2018-03-22 12:40:51,0,0
kanano96,,False,guanajuato,te extrano mucho Padre !,51,196,2011-05-09 13:02:52,4,317
Jessica65453609,,False,,,1,24,2018-03-22 16:55:28,12,2
MikaelaTroxell,,False,"Fresno, CA",,153,125,2017-07-07 02:56:50,1331,479
Dibyajy88521371,,False,,,0,48,2018-03-22 17:02:37,0,0
CaptainVirg,,False,,Salty ManU fans got my account suspended,1,30,2018-03-22 17:03:07,0,1
MP48480822,,False,,,0,6,2018-03-21 15:55:21,0,0
wrreerert,,False,,,2,176,2018-03-22 08:58:08,0,3
soartothetop,https://t.co/hPC1yXKMJ5,False,,"#1 Motivational Amazon Author. Inspiring Speaker. 
Unlimited Thinker. 
Creator of Extra Mile Day (November 1). 
I empower people. That's my job.",12281,8935,2009-07-07 06:41:19,36609,9734
yallediniz,,False,"Minas Gerais, Brazil",,0,23,2018-03-22 16:56:45,0,0
JosephOgolla8,,False,,,2,95,2018-03-22 16:58:38,0,0
jaymieodorcich,,False,,,3,14,2013-05-07 15:47:49,7,22
NumwanWan1,,False,,,1,39,2018-03-22 17:04:02,0,0
the_cdc_03,https://t.co/zDzGo3qjpA,False,Colossians 1:10,"13, YouTube , snap: thecdc_03 , Fortnite mobile giveaway on channel",282,79,2016-03-22 00:54:45,71,235
KatherineGuffe2,,False,,"I am a TRUMP ALLLLL THE WAY SUPPORTER as well as an NRA backer because, like OUR LORD ABOVE, WE MUST HOLD FAST TO OUR RIGHTS AND DECIDE WHATZ BEST FOR US, NT U!",0,3,2018-03-22 13:51:14,0,15
Eduardo1_GG,,False,"Madrid, Comunidad de Madrid",,1,108,2018-03-22 16:13:58,2,4
Ed_Hanks,,False,,,0,217,2013-08-27 19:42:44,2,0
FifeLife22,,False,"Shreveport, LA",Sports.. ALL of them. Rad tunes. Knowledge.,9,229,2018-03-20 19:45:58,6,10
basmaali72,,False,,,0,14,2018-03-22 17:04:20,0,1
TRUMP4COVFEFE,,False,,,0,4,2018-03-22 16:51:08,0,0
Dominik7991gma1,,False,,,0,21,2018-03-22 17:01:27,0,0
TallettMonte,,False,Niagara Falls,Board sports,2,39,2018-03-22 17:03:53,0,0
RatanKu11799217,,False,,,0,120,2018-03-05 16:23:54,1,0
Kannan16191213,,False,,hai i am from india,11,100,2017-04-01 06:16:06,0,4
CharlesMorro,,False,,,1,30,2016-08-02 15:18:03,4,23
AntiriSarah,,False,,,0,3,2018-02-26 18:52:32,0,0
NathanKelch,,False,"Gurnee, IL",Butler University Class of 2019,63,208,2015-08-21 08:22:04,1491,33
eamael3,,False,,,1,30,2018-03-22 17:04:12,0,0
smhhashemi,,False,,,10,22,2013-01-04 07:16:38,0,0
RandyGilson7,,False,,,0,1,2018-03-22 17:02:17,0,0
KukuroAndrei,,False,,,0,45,2018-03-22 17:02:17,0,0
Ana44070591,,False,,,1,7,2018-03-22 17:01:15,0,0
AlexeiCuzzah,,False,,,0,1,2018-03-19 00:11:01,0,0
ruizisaias155,,False,,,0,7,2018-03-22 17:00:37,0,0
Taurus447,,False,,,2,93,2011-07-08 06:57:46,0,287
jppopij,,False,"San Juan Capistrano, CA",Ded,0,1,2018-03-22 16:58:15,0,0
mjelizabeth44,,False,,Saved by Grace. Proudly #templemade and @TempleUpdate alum. Myrtle Beach via Philadelphia. Button pusher for WPDE,368,763,2011-09-06 14:56:07,6194,3068
Theresa48081245,,False,,,1,66,2018-03-22 17:02:20,0,0
sam_furst,,False,"Alberta, Canada","Chelsea FC. Dallas Cowboys. Mix of EPL and NFL. Mostly a realist, except on April 26. Personal and FT.",115,416,2014-11-02 18:54:38,2231,2068
AkindeleOyewuwo,,False,"Lagos, Nigeria",,2,25,2018-03-02 12:48:59,0,0
Hasan17989121,,False,,I am so alone,0,74,2018-03-22 16:54:00,0,0
fattie_rodney,,False,,,0,3,2018-03-22 16:59:07,0,0
MarcoLornatus,,False,,,0,59,2013-09-12 13:18:45,0,0
JimmyGreenup,https://t.co/GJNWwJoaLH,False,"LIV Nightclub-Miami Beach, FL","I build and create Parties at a disco called LIV, in Miami Beach, Florida.",4575,1807,2010-04-12 00:22:51,2326,19374
LindaMa53873086,,False,,,0,2,2018-03-13 13:23:56,2,0
SKhan76880125,,False,,student,4,82,2018-03-22 16:58:14,16,5
EsRaa19217083,,False,,,2,199,2018-03-22 17:02:30,4,4
K6Oe1sE7ynfN4xh,,False,,,0,17,2018-03-11 10:19:08,0,0
Tyson4711,,False,"Houston, Tx","Houston native, Ole Miss alumni, and sub par tennis player",397,464,2009-07-07 14:59:24,7060,8990
xYoDWFKueN8wi7e,,False,,,1,2,2018-03-15 14:52:12,0,5
FrankPerron,,False,,,22,215,2009-06-17 17:37:16,308,546
SongShuguang,,False,,,1,20,2017-12-02 16:27:22,2,0
RakeshK06273079,,False,"Hajipur, India",Teacher at Girls High School hajipur,93,301,2018-02-13 07:25:35,2368,26
rookieARMY25,,False,"England, United Kingdom",Memes...,27,87,2013-12-04 18:50:24,4,18
MariianaCons,,False,,"Give her books, and she would devour them and end by knowing them by heart",163,196,2010-07-05 01:12:02,171,22332
hasam_fanni,,False,,,2,73,2018-03-22 16:56:00,0,0
RobotWitt1,,False,Illinois,#MAGA #POTUS45 BACKUP ACCT Rob Witt. Locked out due to tweet saying all illegal aliens are criminals. 2700+followers,2,36,2018-03-22 16:49:36,10,18
kc_cyprian,,False,South africa,Shy but sweet,49,378,2014-08-09 22:44:10,44,17
bebo82061798,,False,,,1,23,2018-03-22 17:03:03,0,0
Pedro36839485,,False,,,0,38,2018-01-28 02:36:40,0,3
Marcoce3,,False,,,0,29,2018-03-22 17:03:04,0,0
Daniel_Valenzio,,False, ,"Hey, I go to EIU",361,380,2011-07-27 21:49:41,4013,7455
mac210280,,False,Europe,Enjoy life coz it is too short,15,164,2011-10-18 05:53:35,3,21
NanaYaw10643258,,False,,,1,58,2018-03-22 16:56:45,0,0
charlyxolino,,False,,,3,125,2018-03-22 16:54:37,0,0
Susheel7767,,False,"Gorakhpur, India",Simple living with high thinking,21,67,2017-07-29 14:07:50,49,58
calebslater41,,False,"Edmond, OK","I'm funny I love comedy I race outlaw karts and I was born on JAN. 19, 2003",13,1489,2016-06-07 17:17:39,78,18
CarolyneKwambo7,,False,,,5,53,2018-03-09 17:32:55,3,0
TheunsduBuisson,,False,"Bloemfontein, South Africa",Reader of books. Firm believer in personal freedom. Firm opponent to stupidity.,180,390,2012-07-16 19:20:14,27,802
AnilKum70172419,,False,,,3,153,2018-02-20 17:18:10,18,2
WisalKh68992018,,False,"Mardan, Pakistan",,0,19,2018-03-06 19:24:27,1,0
PompeDonna,,False,,,0,15,2018-03-22 16:59:21,0,1
Jannik0705,,False,"Leverkusen, Deutschland",Student der Rechtswissenschaften. Politikinteressiert. Sportbegeistert. Reisefreudig.,46,170,2014-06-12 11:42:37,428,1283
LeQx3,,False,,,0,3,2018-03-22 16:58:14,0,0
Donking61542759,,False,"Ogun, Nigeria",Am simple and real....OWONIFINEST,0,77,2018-03-22 17:02:14,0,0
ChagwizaAdmire,,False,,,6,196,2018-03-19 00:13:40,2,0
DuckHendrik,,False,Lobach,HI,2,202,2017-12-21 20:01:05,37,32
Ted54225572,,False,,,4,61,2018-03-16 20:51:17,56,2
SumonBk,,False,"Dhaka, Bangladesh",Barai,1,4,2018-02-03 13:13:38,12,5
Angelrogelioll1,,False,,,0,12,2018-03-22 17:01:36,0,0
aquino_kae,,False,,,0,33,2018-03-22 17:01:07,0,0
jon_0621,,False,,,0,4,2018-03-22 17:00:27,0,0
OliverR26362669,,False,,,0,19,2018-03-22 17:02:14,0,0
Kendric85929941,,False,,,3,91,2018-01-11 15:29:45,3,0
djdeboe,https://t.co/pnLW9lsgvh,False,"Phoenix, AZ",,55,136,2009-06-24 15:27:17,597,406
JaytotheA,,False,,,10,39,2015-09-30 12:23:48,14,19
Sauccyb1,,False,"Modesto, CA",Queen B,1,50,2018-03-22 17:02:06,0,0
KoechKibetWalt2,,False,"Narok, Kenya",Entertainment,0,86,2018-03-22 17:00:24,0,0
JohnYoung1009CN,,False,,,1,32,2018-03-22 17:00:50,1,0
Sharvan43617196,,False,"Maharashtra Nagar, Mumbai",Student,7,43,2017-07-12 08:39:48,173,43
barrycfau,,False,,,1,60,2018-03-22 17:01:36,0,0
Khaledfouad19,,False,,,2,136,2012-11-23 21:37:29,0,0
jjuliaahamm,,False,drowning in success ,kindness is so gangster // insta-@jjuliaahamm,76,75,2018-01-04 15:03:14,373,173
DilulloNancy,,False,,,0,2,2018-03-22 17:00:00,1,0
wendy_wmcgill,,False,"Virginia, USA","Wife, believer in Jesus since I was 6. graduate from Liberty University",3,28,2018-03-12 17:52:35,35,7
nicman709,,False,Deep Ocean,Glory to nauty,10,75,2015-12-14 01:59:29,278,88
JustinJHiltz,https://t.co/mauXFf63TY,False,,Straight Outta Hictaux! AcadiaU Comp Sci,43,174,2012-05-22 23:30:04,61,18
BigRomeo87,,False,,,24,91,2014-08-29 20:43:58,31,33
Ahmed58651858,,False,,,6,83,2018-02-05 18:47:45,1,0
cody90816865,,False,,,0,58,2018-03-22 17:02:04,0,0
FreakySkull86,,False,,,13,159,2014-01-27 23:06:59,15,17
D_clott,,False,,,67,104,2017-09-02 18:16:21,76,9
ThulinEmil,,False,,,9,86,2018-02-17 23:16:29,109,36
dnpromi,https://t.co/Vr8VCBdcQ4,False,"Seattle, USA","Like Anime, n00b Gamer, Soft Dev @Amazon, Science aficionado, amateur Photographer, traveling, hiking,  biking,  skiing ..  ..",332,620,2009-03-18 06:12:51,2355,3513
Balacha06124857,,False,,,53,1322,2014-06-17 19:27:04,45,13
jeanfariasmour1,,False,,,0,25,2018-03-22 17:01:14,0,0
maxi11011,,False,Deutschland,Trump,0,10,2018-03-22 17:01:34,0,0
fegellum,,False,,,3,137,2018-03-17 17:05:32,0,0
MSAReza2,,False,"Dhaka, Bangladesh",I am a social butterfly & want to change the society,3,104,2018-03-11 17:46:17,4,5
cynicalostrich3,,False,,"I follow everyone back! 
Check out my Fortnite stream here - https://t.co/aKTZQQStVe",324,504,2018-03-11 15:29:21,9,4
bjremli,,False,,,3,74,2015-05-16 04:05:32,3,3
vostrisports,,False,United States,Sports Equipment Company,2,51,2018-03-22 16:50:16,0,4
Jojojorie2,,False,,,0,88,2018-03-22 17:01:00,0,0
FoxRaphael,http://t.co/RWspj7m5k4,False,,,28,51,2010-01-13 16:11:53,0,3
MangalaSelvara1,,False,,,0,19,2018-02-19 03:31:51,0,0
ISchonewald,,False,,,0,1,2017-11-19 19:36:37,0,0
__austinmay__,,False,,McLennan Golf Commit,126,112,2014-11-18 17:11:06,1778,99
TashaW47,,False,,,0,73,2015-12-19 12:10:26,0,0
nijish2,,False,,nijishjoshy@gmail.com,4,9,2018-03-16 12:10:07,3,33
A_Living_Meme,,False,"New Hampshire, USA","Hey, I'm Logan. I figured I'd finally get with the times and make a Twitter. I like to sing sometimes.",35,263,2015-12-30 16:34:16,74,64
HemantDPatil6,,False,,,0,132,2018-03-22 15:47:01,0,0
kra_t,,False,Nebraska,"We're just country people.
But country people are the best kind...hardworking, down to earth, and sincere.",103,273,2012-04-24 04:33:01,820,1810
lin_ken1996,,False,,,0,1,2018-03-22 17:00:25,0,0
MichaelManger1,,False,"Ohio, USA",,2,4,2018-03-22 16:51:41,0,0
SamAkubi,,False,London,"Sam, 21 Years Young. Currently working for British Telecom. @bt_uk",121,430,2012-07-11 21:26:32,85,217
Silvanospayk,,False,,,2,49,2017-12-10 04:28:00,14,4
ecdlzgklyoi,,False,,,0,20,2018-03-22 17:00:54,5,0
navendasekar,,False,,,2,79,2018-03-22 16:59:59,0,0
tarunangara,,False,,nmmmmmm,6,18,2015-05-09 14:34:12,1,0
orrabigail1,,False,,,1,53,2018-03-22 16:59:41,0,0
safraz911,,False,"Queens, NY",A lone wolf in a herd of sheep.,1,52,2018-03-22 16:01:47,0,1
florina032,,False,Indonesia,Assalamuallaikum,1,56,2018-03-22 17:01:48,0,2
koi_iamok,,False,,,5,148,2017-05-18 01:36:36,2,3
JonathanhamerH,,False,"Florida, USA",,6,115,2013-04-16 11:27:13,6,5
aminul80bl,,False,,without Hard work nobody successful in her life.,0,90,2018-03-22 16:58:19,6,4
jorgeanibalflo4,,False,,,0,16,2018-03-22 17:01:09,0,0
6DleEfcLNCExNub,,False,,,2,94,2018-03-22 17:01:47,0,0
GeorgeMaravilha,,False,,,2,28,2018-01-08 18:42:27,0,1
Henrique9246,,False,,,4,49,2018-03-12 13:42:20,144,1
RoryeHatcherDR,https://t.co/douIKhClin,False,"Greenfield, IN",Reporter for the Greenfield Daily Reporter since 2016,0,94,2018-03-22 16:48:08,1,2
luli74736882,,False,,,1,124,2018-03-22 16:58:32,0,0
tuca_nilo,,False,,,48,54,2016-01-30 19:15:43,87,107
ThomasSalamon1,,False,,,0,5,2018-03-22 16:59:09,0,0
Ezgoinjp,,False,,,26,123,2013-06-22 04:50:51,71,208
Meetyourfam,,False,,,0,2,2018-03-22 16:42:14,0,1
Ranjith03126241,,False,,,0,73,2018-03-21 15:25:55,1,0
Ackeryan,https://t.co/c9eYUKz0yc,False,"Lives at Hounslow, London, England",Document Control/Secretary,34,506,2009-12-10 10:07:25,18,126
AbdiSalat10476,,False,,,0,69,2018-03-22 16:56:29,0,0
Le_zeee,,False,,,8,244,2018-03-22 16:31:54,4,2
AhmedRafin6,,False,,,1,4,2018-03-22 16:54:49,1,1
leandro13996643,,False,,,0,24,2018-03-22 16:59:18,0,0
12vb3,,False,,12vb77,3,34,2018-03-21 18:36:31,46,45
DeepakBudhaMag1,,False,,,5,36,2015-06-26 13:37:47,0,1
MayteGo92765873,,False,,,1,77,2018-03-22 16:59:58,0,0
LKSbML646HhKfLw,,False,,,3,66,2018-03-22 17:00:54,0,0
Mariach85600049,,False,,,1,15,2018-03-22 16:53:06,0,0
MdSheik44957320,,False,,,0,148,2018-02-04 11:09:07,125,0
SusanUM,,False,"Guayaquil, Ecuador",,197,327,2010-01-25 21:06:48,82,1447
Matthewbeauli12,,False,,,0,3,2017-12-07 05:14:26,0,1
YankeesAbrack,,False,"Kaduna, Nigeria","Easy going dude,with interest in leadership....
Peace advocate..
Career coach",9,95,2018-03-21 15:20:49,24,7
DolbeauDiane,,False,,,5,41,2018-03-22 16:52:59,1,0
CarlyMills88,,False,,,137,236,2012-02-03 22:06:46,485,74
CaseyBurris20,,False,,,3,107,2018-02-25 00:19:52,0,0
MichaelHazelti2,,False,,,0,2,2018-03-22 16:58:18,0,0
Dave_the_rave02,,False,Ottawa,,1,11,2018-03-22 16:59:35,0,0
JazzBear6,,False,India,Hey I am Devansh,1,11,2018-03-21 15:44:07,15,9
H_Singh_in,,False,,,5,226,2017-10-25 14:05:33,35,7
toby43330384,,False,,,1,8,2018-03-09 15:29:54,1,0
Mkg6Mary,,False,,,0,15,2018-03-22 16:52:22,0,0
SelflessAsshole,,False,,,0,2,2018-03-08 17:00:32,0,2
filip_szlauzys,,False,,,0,27,2018-03-22 16:23:38,0,0
lcreganstark,,False,,,0,11,2018-03-22 16:59:55,0,0
tasha_sales,,False,"Troy, NY",,2,19,2018-03-22 16:57:22,0,0
lcrakqrfkoptjs1,,False,,,1,26,2018-03-22 16:58:34,0,0
ruixiao85_z,,False,,,0,2,2014-11-11 18:29:02,0,0
QFsOxb8NlLF8qUF,,False,,,0,7,2018-03-22 16:56:08,0,0
RwingBerserker,,False,"Sidney, MT",I was born a poor black child.,0,30,2018-03-22 16:08:09,0,1
basharatkb,,False,"Punjab, Pakistan",Muslim Student Organization,36,450,2016-05-01 08:30:59,291,65
idj_193,,False,"Pennsylvania, USA",Unknown,5,15,2017-11-27 02:24:58,40,17
RiyezUddin,,False,,,0,7,2018-03-22 16:50:57,1,0
marku_niko,,False,,,2,47,2018-03-22 16:51:51,2,3
mitro_gg,,False,Indonesia,"Drafter
Aluminium Facade Unitezed",19,126,2016-10-02 15:23:11,263,34
YELEI13,,False,,,4,85,2018-03-20 20:51:19,0,0
asifali27432762,,False,,,1,7,2018-03-22 16:25:16,1,0
ayomide11499,,False,,,6,143,2018-03-22 16:52:54,0,1
ChiragkumarS,,False,"Mahesana, India",Mechanical engineer,1,6,2014-09-11 11:14:32,3,0
owhirty,,False,,"kim, there are people dying",292,319,2011-11-16 02:05:19,6394,5789
62dc2356a4ae40e,,False,,,0,20,2014-02-28 04:55:06,0,0
SkaiChris,,False,"Suhum, Ghana",OBIAA BOA,0,38,2018-03-22 16:59:21,1,0
JacobPapple,,False,"North East, England",new one,24,74,2017-12-17 20:43:10,18,2
MohammedBelko,,False,,,8,99,2018-03-18 00:07:51,38,0
jesenia1578ts,,False,,,1,49,2018-03-22 16:59:17,0,0
Same07097781,,False,,,0,81,2018-03-22 16:57:29,0,0
Doss49328620,,False,,,3,61,2018-03-22 16:59:10,0,0
Fibertech5,,False,,,0,1,2018-03-15 23:45:59,0,0
mjhgoheels,,False,,,1,2,2013-02-06 00:44:33,876,0
Maddi__Johnson,,False,,VHS,140,176,2014-04-26 15:26:30,1433,100
IRlSH_Saint,,False,,,0,8,2018-03-22 16:57:55,0,0
Ilanadichy,,False,venezuela(caracas),ucvista med,18,184,2011-10-31 04:52:21,644,2
MikeaCom,,False,,,0,25,2018-03-22 17:00:14,0,1
MRTusar10,,False,,,1,9,2018-03-22 16:57:10,0,1
JackKaiser16,,False,,"If more people loved each other, the world would be a better place. -Tommy Wiseau",81,141,2016-09-13 01:48:32,1116,266
RiccardoSerrit1,,False,,,0,14,2018-03-22 16:58:44,0,0
Okwudir57014062,,False,"Imo, Nigeria",,1,31,2018-03-22 16:59:47,0,4
MarieFollin,,False,,,0,7,2018-03-05 08:52:30,0,0
Kirushanth_3,,False,Markham ON,,145,151,2012-07-02 21:07:19,1073,2841
Floridonavarro1,,False,,,2,90,2018-02-28 14:08:38,5,3
SEAYibing,,False,,,0,4,2018-03-21 18:58:29,0,1
anold_konde,,False,,,2,100,2018-02-08 16:33:44,0,0
mahidul_bhuiyan,,False,"Chittagong,Bangladesh",,2,74,2018-03-19 16:24:06,2,2
ExactaBox13,,False,,,18,77,2012-01-15 13:48:53,0,9
LeadingTheBull,,False,"Virginia, USA",,28,417,2017-10-15 23:03:08,62,75
KeltonNolan,,False,"Salem, IN",Racing is a way of life.,222,620,2014-06-18 01:49:34,3885,177
OOnwuegbunam,,False,"Lagos, Nigeria",,100,247,2015-04-02 13:08:25,137,28
jsmoove_3005,,False,"Virginia Beach, VA",Knowledge Is King,73,86,2015-04-22 10:21:23,362,1581
Jamesbubba8,,False,,,4,111,2018-02-26 14:20:15,0,1
joaoped35283055,,False,,,1,29,2018-03-22 16:59:40,0,1
Cliffor36844151,,False,,,0,40,2018-03-22 16:55:07,0,0
NirMargalit1,,False,Israel,Technology Sport Economy and consumerism Basketball Humor,2,43,2018-03-22 09:56:51,0,0
Boscokakumiriz1,,False,,,0,10,2018-03-22 16:34:02,0,0
mckennerr,,False,"Knoxville, TN",,259,236,2014-05-14 21:50:08,11306,3801
Biatullah4,,False,,,2,182,2018-03-01 06:14:44,0,1
DennisGitau,,False,jkuat,,8,33,2011-12-16 12:46:37,1811,8
HHidebrand,,False,,,0,14,2018-03-22 16:55:59,0,0
MonchichLP,,False,,,3,7,2016-05-12 12:40:48,21,10
yjskmgfk,,False,,,0,56,2018-03-22 16:56:29,0,0
MariaAr32937134,,False,,,2,90,2018-03-22 16:59:32,0,0
QO1BOPx6lyLxBlH,,False,,,5,16,2018-03-10 12:48:16,0,0
bij_weg,,False,,,10,48,2016-03-07 07:21:59,1053,311
2x0zNHdgBPrs5OC,,False,,,2,13,2018-03-22 16:50:06,0,0
kano_ryu11,,False,,,0,42,2018-03-22 16:57:54,0,20
Haroun83051733,,False,,,36,357,2018-03-12 18:51:26,16,1
PhilipJonasi,,False,,,0,101,2018-03-22 16:58:52,1,0
robzer123,,False,"south Africa, Pretoria",,184,326,2010-03-09 12:08:21,72,5124
SJMLi8XXKzl14Ts,,False,,,19,225,2018-01-29 04:25:08,1,1
Pikchaujo,,False,,,8,166,2016-10-07 16:32:14,7,1
LayciChow,,False,,,6,42,2016-04-09 09:44:50,5,10
gasman_55,,False,United States,,3,21,2018-02-03 00:43:27,0,3
Marcusinkk,https://t.co/tr8heRJymi,False,"Newcastle Upon Tyne, England","tattooist at secret garden art co, guitar and vocals with Rowdy Cocks. cars, bikes, kustom kulture, cats, dogs, rockabilly. https://t.co/Gd0l6eIlD6",234,725,2012-07-22 11:35:19,2288,2537
Ashleyscuriousr,,False,,,0,51,2018-03-22 16:23:35,0,1
Raheem97879387,,False,,,0,60,2018-03-22 16:57:47,0,0
Peka_Hmar,,False,"Aizawl,Mizoram,India","loves life, loves jokes and many others...hihihi",11,144,2010-07-18 15:31:20,4,27
VeganeseBlog,,False,,,1,74,2018-03-22 16:58:59,0,0
Hussainmusa20,,False,20000,"I believe in God, he can only make it",1,31,2018-03-18 11:07:03,1,1
Ramchan03174235,,False,Pulivendula,,0,57,2018-03-22 16:28:12,0,0
Emett7,,False,,,5,43,2015-12-07 05:26:50,0,0
DarthArmonus,,False,,,42,266,2015-05-16 22:51:34,456,183
chrismurdoch82,,False,,,23,78,2011-10-13 07:05:22,11,19
largey_999,,False,"London, England","If you don't have anything nice to say, follow me and we'll take the piss out of people together.",185,334,2010-10-29 20:56:44,331,3043
Dash8Nik,,False,"Mumbai, Maharashtra","Dreamer, Runner, Foodie, Believer & Student of Value Investing",59,270,2009-07-17 04:33:50,313,192
Yany35660191,,False,,,1,66,2018-03-22 16:56:03,0,0
OscarEstuardoGT,,False,,,0,8,2018-03-22 16:49:39,3,5
penley_amanda,,False,"Helena, MT",,8,85,2018-03-22 16:56:39,0,0
aarontait_,https://t.co/d4KiIE1LXT,False,prestwick ,I thought hurricane season was over.,1561,961,2011-10-02 15:50:23,2156,5753
Alisa_Jovana,https://t.co/6Nj15MtYS4,False,"Georgia,Atlanta",Buy  sports tickets,10,100,2018-03-19 19:20:49,27,1
LPps4ecui6XM0Zw,,False,,,0,60,2018-03-22 16:57:28,0,1
MikeRod59520437,,False,,,0,51,2018-03-22 14:36:58,0,0
kpoper_rv,,False,,,197,2615,2015-02-06 22:42:32,2361,3020
nicholasahobbs,,False,U.S.A,"I like music, and I love ya",2,12,2018-03-22 02:37:43,0,2
Hillary14724980,,False,,,1,30,2018-01-12 05:24:19,68,68
MoseHassan,,False,,,0,80,2018-03-22 16:58:14,0,0
OulySy,,False,Saint-Louis ,"Work Hard Or Go Home.

 Snap : ouly_sy",428,213,2013-05-04 14:56:22,71,526
nelchan6,,False,,,0,10,2018-03-22 16:53:26,0,0
cpczar,,False,"Tampico, Tamaulipas","Esposo, padre, hijo y profesionista nivel Pro; y, billarista y futbolista amateur.",74,264,2010-08-31 22:01:04,309,386
AnnaNeubauer12,,False,,,0,21,2018-03-22 16:56:49,0,0
jawula_umar,,False,,,0,115,2018-03-22 16:53:58,6,0
MartinsElijah8,,False,,,2,99,2018-03-22 16:56:22,0,0
DeepStateAgent2,,False,"Shithole, Arkansas",Loather of trump & his fake christian cult members. Recovering RWNJ/Xtian. #BlackLivesMatter #LGBTQ ally #Exvangelical #EmptyThePews #StillWithHer,3695,1671,2015-04-07 00:59:17,225896,69527
MrJollyRogarrs,,False,Greenville SC,,0,58,2012-11-22 13:39:12,0,2
AhlersAnnie,,False,,,0,3,2018-03-22 16:46:40,0,0
ScottCrenshaw3,https://t.co/GAkLN3oNyq,False,"Fort Worth, TX",Seeker of truth. Follower of Christ. Husband of one. Father of 5. Speaker of love.,78,50,2017-03-26 14:31:11,6,259
Francisbwalya,,False,Zambia,,3,36,2011-06-07 13:27:25,4,6
DjerfMonique,,False,,,1,10,2018-03-22 16:56:33,0,0
portscycling,https://t.co/JxHzaAyypw,False,"Portsmouth, U.K.","Voluntary cycle sport coaching organisation, est. 1970, run by i-Team.cc's B.C. qualified coaches, based at The Mountbatten Centre Cycle Track, Portsmouth",393,130,2010-10-21 10:17:22,213,735
tota98717469,,False,,,1,28,2018-03-22 16:58:15,3,1
haretkrer,https://t.co/NPYO9ro7sy,False,Tripoli,,14,78,2013-01-08 19:07:46,166,159
NalZeE4,,False,,,45,71,2018-03-17 11:10:21,2,2
RamadanMahamou2,,False,Hargeysia,,3,32,2018-03-22 16:35:36,0,2
LordGami,https://t.co/XOBhXfrzYd,False,"Yernamean, Massachusetts",,540,271,2013-02-03 15:28:24,3779,11913
mahmoudkamell7,,False,,,0,62,2018-03-22 16:49:22,0,0
coscorr3,,False,,,11,181,2017-11-24 20:01:11,9,6
aramblingidiot,http://t.co/KgScFRHtAK,False,Penzance,Penzance Town Councillor FRSA. Director of the Cornish Culture Association. All views expressed here are my own.,1743,1143,2009-05-07 13:41:13,1013,10459
jFkwaSSsdNYjF5a,,False,"Irani, Brasil",S K,0,113,2018-03-22 16:56:32,0,0
onairda_somar,,False,,,10,36,2015-11-24 02:25:40,2,5
TorreVandy,,False,Sioux Falls SD,SD State University- Marketing Director-SiouxFallsFamilyVision-tjvandeberg@gmail.com,364,324,2011-04-30 00:56:26,1072,4255
DerekBarron21,,False,"Tacoma, WA",Nike golf Elite staff,104,36,2012-01-06 05:32:49,301,93
shoothegap,,False,zurich,Are we having fun yet?,51,20,2010-07-23 14:09:30,3,107
mspacher,,False,,today's the day!!,192,199,2012-10-30 14:04:59,1581,3566
Fabrio84671112,,False,San Antonio Oeste RIO NEGRO,,2,63,2018-03-17 21:24:55,4,9
mur25083845,,False,"Massachusetts, USA",b.c. high 74,1,38,2017-08-26 21:21:04,0,0
AsifKha27675096,,False,,,1,37,2018-03-22 16:50:16,0,0
CryptoGame1,,False,Nanc,Crypto investor,6,3,2018-03-09 22:53:39,7,2
tariq_0204,,False,,,0,1,2018-03-22 16:50:36,0,2
Darren84245428,,False,,,2,47,2017-12-04 09:38:59,8,4
Alisougour2,,False,"Tchad, N'Djamena ",,2,99,2018-03-22 16:54:10,4,1
CataFuentes11,,False,,,2,55,2018-03-22 16:51:11,0,0
DaWills,https://t.co/8Oj2zGggx2,False,"Auckland, New Zealand",Master of Information Leadership (MIL). COO/CTO/CIO - agile information leader focused on unleashing intelligence,86,105,2009-06-24 19:40:08,198,162
Kashif21442979,,False,,,0,16,2018-03-22 16:53:55,0,0
DitkaDitkaDitka,,False,,,0,77,2014-07-01 13:31:08,0,131
Tospo8,,False,,,1,15,2018-03-22 16:56:59,0,0
IsmetKaragic,,False,Prijedor Bosna i Hercegovina,,21,88,2013-01-05 01:02:24,1064,126
Jonah_Clark_68,,False,"Munster, IN",,80,139,2017-08-23 00:25:38,34,6
zaqaxasxvkj,,False,,,0,14,2018-03-22 16:56:35,0,0
akorffy,,False,,,1,12,2012-10-19 19:14:38,0,0
securitysavior,,False,California,Interested in network security and ITSM,5,41,2010-11-15 21:03:55,19,102
KibretAlemayehu,,False,,,0,3,2018-03-22 16:52:34,0,0
AlpayMichael,,False,"Central Luzon, Republic of the",submissive,0,204,2018-01-10 06:22:30,2,0
dolphindlamini,,False,,,4,33,2018-03-22 16:57:07,0,0
sanelesbeko,,False,,,4,64,2018-03-22 16:52:55,1,6
gunner45283052,,False,,,0,23,2018-03-22 16:53:35,0,0
CoreySm32559425,,False,,,1,7,2018-03-22 16:49:41,0,0
Jose86307111,,False,,,1,166,2018-03-22 16:57:03,0,0
Lawalha97766754,,False,,,2,99,2018-03-22 16:54:12,0,0
Divineceleste29,,False,"Centre, Cameroon",jeune calme peu timide et toujours souriante et attentionnee,2,67,2018-03-22 16:54:31,0,1
Ronnie87901362,,False,,just a guy trying to get by,0,94,2018-03-22 16:57:42,0,0
marselmirzakan1,,False,,,3,3,2018-03-07 04:11:25,0,0
landonXalbert21,,False,,,7,62,2018-03-22 16:55:15,0,0
derek_kohl,,False,,,0,1,2018-03-22 16:54:37,0,0
Guadalu66438240,,False,"Laredo, TX",,1,47,2018-03-22 16:55:52,4,1
Omkara66706525,,False,,,0,12,2017-11-18 17:59:05,0,0
Baba2far,,False,,,13,48,2013-12-29 13:09:13,11,1
SatishK34646796,,False,India,Hi,1,109,2018-03-07 04:22:12,0,2
P_Hysong,,False,"Magnolia, Ohio",,37,63,2010-10-26 12:48:47,278,40
8DQwsq3vsWVqSZu,,False,,,3,413,2018-03-22 16:55:43,0,0
IBUNIQU31,,False,United States,Hair & Beauty,0,40,2018-03-22 16:56:32,0,0
goosebumps67,,False,,,2,15,2016-09-25 06:32:25,433,530
jonathandhowes,https://t.co/C6ZF10IyWN,False,"Oakland, CA",VP Sales @InvoiceASAP. Entrepreneur. Hustler. #StartUps https://t.co/e2y8CUq4hP,363,897,2011-11-18 20:52:48,297,385
Bailey66802778,,False,,,0,33,2018-03-22 16:56:12,0,0
Ranjan80671449,,False,,,5,155,2018-03-22 05:33:18,3,0
ofilipeandrade,,False,,,1,29,2018-03-22 16:47:20,0,0
cerasano,,False,,,0,2,2018-03-22 11:52:33,0,2
BlackBo67760886,,False,,,0,68,2018-03-22 16:57:10,0,0
ceciladelarosa4,,False,,,0,40,2018-03-22 16:57:31,0,0
dachi6567795,,False,,,1,113,2018-03-22 16:48:59,0,0
rinQken,,False,"La Crosse, WI",,26,130,2017-11-18 00:56:49,153,46
JdelaFargue,,False,South Africa,"all day, Winston.",62,180,2012-03-06 18:32:25,17,138
LehmanCurt,,False,,,0,4,2018-03-22 15:34:57,4,0
eddiegotthainer,,False,,Molon Labe,1,14,2012-09-22 13:25:15,0,0
bgironmorales,,False,,,12,246,2016-05-27 15:33:44,189,22
dilip98bandari,,False,"Hyderabad,telangana",,107,568,2014-01-04 11:12:19,1668,2188
TovaJO2013,,False,SF Bay Area,"""Failure is not the opposite of success, it's part of success.""",207,537,2009-03-17 00:32:19,92,551
Canigetin2,,False,,,9,207,2018-03-20 14:34:49,2,3
DanceChallenge,,False,,,0,15,2018-03-22 16:57:25,0,0
RahulAg36726013,,False,,,4,88,2018-03-01 06:59:38,45,0
hm04548,,False,,,2,44,2018-03-22 16:56:51,0,0
oded13343335,,False,,,0,2,2018-03-22 16:54:37,0,0
Ashley_c01,,False,Here,Proud dad to kaci and oliver/arsenal fan/JWA enthusiast,69,454,2010-07-20 20:50:03,1003,1439
Ryan_malloy1,,False,La Crescenta,,143,143,2014-07-19 04:50:04,520,196
CesarPerez2111,,False,Colombia,,3,52,2013-03-31 20:54:09,4,5
MotzNoah,,False,"Indiana, USA",I am the type of person who arrives fashionably early...,79,119,2015-09-21 13:42:26,19,11
ry_mccalli,,False,"State College, PA",,8,10,2018-03-12 17:56:35,2,0
julie_dubrule,,False,,,2,26,2017-11-12 05:43:04,24,12
de_cerys,,False,,,3,15,2017-12-04 05:57:00,8,1
PUsAFIdmp75iVhM,,False,,,6,62,2018-03-22 16:54:21,0,0
Raja09414,,False,,,1,227,2017-06-28 03:30:20,0,0
Jose_Jalapeno_4,,False,"Franklin, WI","Just a heavy metal enthusiast who's trying to get through life. 

Taken",0,38,2018-03-17 15:52:44,42,6
edwardkellett3,,False,"Southampton, England",Rugby|kes,3,26,2018-03-22 16:45:38,2,0
